"date","days_old","exp_day","diversity","species_N","sample_code","treatment","treatment_code","replicate","species_counted","treatment_code_species","vol_um3","cells_ul","biov_um3_ul"
"02.12.2019","target",0,"monocultures",1,"A1","Amphidinium","A",1,"Amphidinium","A",309.8685704,18.3,5681.459132
"02.12.2019","target",0,"monocultures",1,"T1","Tetraselmis","T",1,"Tetraselmis","T",168.3395298,33.8,5681.459132
"02.12.2019","target",0,"monocultures",1,"D1","Dunaliella","D",1,"Dunaliella","D",110.8820436,51.2,5681.459132
"02.12.2019","target",0,"monocultures",1,"S1","Synechococcus","S",1,"Synechococcus","S",5.430463068,1046.2,5681.459132
"02.12.2019","target",0,"monocultures",1,"Ti1","Tisochrysis","Ti",1,"Tisochrysis","Ti",24.28920184,233.9,5681.459132
"02.12.2019","target",0,"pairs",2,"DA1","Dunaliella-Amphidinium","DA",1,"Dunaliella","DA_D",110.8820436,25.6,2840.729566
"02.12.2019","target",0,"pairs",2,"DA1","Dunaliella-Amphidinium","DA",1,"Amphidinium","DA_A",309.8685704,9.15,2840.729566
"02.12.2019","target",0,"pairs",2,"DS1","Dunaliella-Synechococcus","DS",1,"Dunaliella","DS_D",110.8820436,25.6,2840.729566
"02.12.2019","target",0,"pairs",2,"DS1","Dunaliella-Synechococcus","DS",1,"Synechococcus","DS_S",5.430463068,523.1,2840.729566
"02.12.2019","target",0,"pairs",2,"SA1","Synechococcus-Amphidinium","SA",1,"Amphidinium","SA_A",309.8685704,9.15,2840.729566
"02.12.2019","target",0,"pairs",2,"SA1","Synechococcus-Amphidinium","SA",1,"Synechococcus","SA_S",5.430463068,523.1,2840.729566
"02.12.2019","target",0,"pairs",2,"TA1","Tetraselmis-Amphidinium","TA",1,"Amphidinium","TA_A",309.8685704,9.2,2840.729566
"02.12.2019","target",0,"pairs",2,"TA1","Tetraselmis-Amphidinium","TA",1,"Tetraselmis","TA_T",168.3395298,16.9,2840.729566
"02.12.2019","target",0,"pairs",2,"TD1","Tetraselmis_Dunaliella","TD",1,"Tetraselmis","TD_T",168.3395298,16.9,2840.729566
"02.12.2019","target",0,"pairs",2,"TD1","Tetraselmis_Dunaliella","TD",1,"Dunaliella","TD_D",110.8820436,25.6,2840.729566
"02.12.2019","target",0,"pairs",2,"TS1","Tetraselmis_Synechococcus","TS",1,"Tetraselmis","TS_T",168.3395298,16.9,2840.729566
"02.12.2019","target",0,"pairs",2,"TS1","Tetraselmis_Synechococcus","TS",1,"Synechococcus","TS_S",5.430463068,523.1,2840.729566
"02.12.2019","target",0,"pairs",2,"TTi1","Tetraselmis_Tisochrysis","TTi",1,"Tetraselmis","TTi_T",168.3395298,16.9,2840.729566
"02.12.2019","target",0,"pairs",2,"TTi1","Tetraselmis_Tisochrysis","TTi",1,"Tisochrysis","TTi_Ti",24.28920184,116.95,2840.729566
"02.12.2019","target",0,"pairs",2,"DTi1","Dunaliella_Tisochrysis","DTi",1,"Dunaliella","DTi_D",110.8820436,25.6,2840.729566
"02.12.2019","target",0,"pairs",2,"DTi1","Dunaliella_Tisochrysis","DTi",1,"Tisochrysis","DTi_Ti",24.28920184,116.95,2840.729566
"02.12.2019","target",0,"pairs",2,"ATi1","Amphidinium_Tisochrysis","ATi",1,"Amphidinium","ATi_A",309.8685704,9.15,2840.729566
"02.12.2019","target",0,"pairs",2,"ATi1","Amphidinium_Tisochrysis","ATi",1,"Tisochrysis","ATi_Ti",24.28920184,116.95,2840.729566
"02.12.2019","target",0,"pairs",2,"TiS1","Tisochrysis_Synechococcus","TiS",1,"Tisochrysis","TiS_Ti",24.28920184,116.95,2840.729566
"02.12.2019","target",0,"pairs",2,"TiS1","Tisochrysis_Synechococcus","TiS",1,"Synechococcus","TiS_S",5.430463068,523.1,2840.729566
"02.12.2019","target",0,"communities",5,"COM1","Community","COM",1,"Amphidinium","COM_A",309.8685704,3.66,1136.291826
"02.12.2019","target",0,"communities",5,"COM1","Community","COM",1,"Tetraselmis","COM_T",168.3395298,6.76,1136.291826
"02.12.2019","target",0,"communities",5,"COM1","Community","COM",1,"Dunaliella","COM_D",110.8820436,10.24,1136.291826
"02.12.2019","target",0,"communities",5,"COM1","Community","COM",1,"Synechococcus","COM_S",5.430463068,209.24,1136.291826
"02.12.2019","target",0,"communities",5,"COM1","Community","COM",1,"Tisochrysis","COM_Ti",24.28920184,46.78,1136.291826
"02.12.2019","target",0,"communities",5,"COM2","Community","COM",2,"Amphidinium","COM_A",309.8685704,3.66,1136.291826
"02.12.2019","target",0,"communities",5,"COM2","Community","COM",2,"Tetraselmis","COM_T",168.3395298,6.76,1136.291826
"02.12.2019","target",0,"communities",5,"COM2","Community","COM",2,"Dunaliella","COM_D",110.8820436,10.24,1136.291826
"02.12.2019","target",0,"communities",5,"COM2","Community","COM",2,"Synechococcus","COM_S",5.430463068,209.24,1136.291826
"02.12.2019","target",0,"communities",5,"COM2","Community","COM",2,"Tisochrysis","COM_Ti",24.28920184,46.78,1136.291826
"02.12.2019","target",0,"communities",5,"COM3","Community","COM",3,"Amphidinium","COM_A",309.8685704,3.66,1136.291826
"02.12.2019","target",0,"communities",5,"COM3","Community","COM",3,"Tetraselmis","COM_T",168.3395298,6.76,1136.291826
"02.12.2019","target",0,"communities",5,"COM3","Community","COM",3,"Dunaliella","COM_D",110.8820436,10.24,1136.291826
"02.12.2019","target",0,"communities",5,"COM3","Community","COM",3,"Synechococcus","COM_S",5.430463068,209.24,1136.291826
"02.12.2019","target",0,"communities",5,"COM3","Community","COM",3,"Tisochrysis","COM_Ti",24.28920184,46.78,1136.291826
"02.12.2019","target",0,"communities",5,"COM4","Community","COM",4,"Amphidinium","COM_A",309.8685704,3.66,1136.291826
"02.12.2019","target",0,"communities",5,"COM4","Community","COM",4,"Tetraselmis","COM_T",168.3395298,6.76,1136.291826
"02.12.2019","target",0,"communities",5,"COM4","Community","COM",4,"Dunaliella","COM_D",110.8820436,10.24,1136.291826
"02.12.2019","target",0,"communities",5,"COM4","Community","COM",4,"Synechococcus","COM_S",5.430463068,209.24,1136.291826
"02.12.2019","target",0,"communities",5,"COM4","Community","COM",4,"Tisochrysis","COM_Ti",24.28920184,46.78,1136.291826
"02.12.2019","target",0,"communities",5,"COM5","Community","COM",5,"Amphidinium","COM_A",309.8685704,3.66,1136.291826
"02.12.2019","target",0,"communities",5,"COM5","Community","COM",5,"Tetraselmis","COM_T",168.3395298,6.76,1136.291826
"02.12.2019","target",0,"communities",5,"COM5","Community","COM",5,"Dunaliella","COM_D",110.8820436,10.24,1136.291826
"02.12.2019","target",0,"communities",5,"COM5","Community","COM",5,"Synechococcus","COM_S",5.430463068,209.24,1136.291826
"02.12.2019","target",0,"communities",5,"COM5","Community","COM",5,"Tisochrysis","COM_Ti",24.28920184,46.78,1136.291826
"02.12.2019",0,0,"monocultures",1,"A1","Amphidinium","A",1,"Amphidinium","A",309.8685704,20.27840845,6283.641436
"02.12.2019",0,0,"monocultures",1,"T1","Tetraselmis","T",1,"Tetraselmis","T",168.3395298,41.5,6986.090488
"02.12.2019",0,0,"monocultures",1,"D1","Dunaliella","D",1,"Dunaliella","D",110.8820436,36.92884066,4094.74532
"02.12.2019",0,0,"monocultures",1,"S1","Synechococcus","S",1,"Synechococcus","S",5.430463068,986.2303316,5355.687393
"02.12.2019",0,0,"monocultures",1,"Ti1","Tisochrysis","Ti",1,"Tisochrysis","Ti",24.28920184,211.2725046,5131.640506
"02.12.2019",0,0,"pairs",2,"DA1","Dunaliella-Amphidinium","DA",1,"Dunaliella","DA_D",110.8820436,16.24868989,1801.687941
"02.12.2019",0,0,"pairs",2,"DA1","Dunaliella-Amphidinium","DA",1,"Amphidinium","DA_A",309.8685704,6.083522536,1885.092431
"02.12.2019",0,0,"pairs",2,"DS1","Dunaliella-Synechococcus","DS",1,"Dunaliella","DS_D",110.8820436,14.40224786,1596.950675
"02.12.2019",0,0,"pairs",2,"DS1","Dunaliella-Synechococcus","DS",1,"Synechococcus","DS_S",5.430463068,503.9133081,2736.48261
"02.12.2019",0,0,"pairs",2,"SA1","Synechococcus-Amphidinium","SA",1,"Amphidinium","SA_A",309.8685704,9.801230752,3037.093361
"02.12.2019",0,0,"pairs",2,"SA1","Synechococcus-Amphidinium","SA",1,"Synechococcus","SA_S",5.430463068,518.3108312,2814.667827
"02.12.2019",0,0,"pairs",2,"TA1","Tetraselmis-Amphidinium","TA",1,"Amphidinium","TA_A",309.8685704,7.266429696,2251.638181
"02.12.2019",0,0,"pairs",2,"TA1","Tetraselmis-Amphidinium","TA",1,"Tetraselmis","TA_T",168.3395298,34.25,5765.628897
"02.12.2019",0,0,"pairs",2,"TD1","Tetraselmis_Dunaliella","TD",1,"Tetraselmis","TD_T",168.3395298,10.5,1767.565063
"02.12.2019",0,0,"pairs",2,"TD1","Tetraselmis_Dunaliella","TD",1,"Dunaliella","TD_D",110.8820436,21.23408338,2354.478559
"02.12.2019",0,0,"pairs",2,"TS1","Tetraselmis_Synechococcus","TS",1,"Tetraselmis","TS_T",168.3395298,34.25,5765.628897
"02.12.2019",0,0,"pairs",2,"TS1","Tetraselmis_Synechococcus","TS",1,"Synechococcus","TS_S",5.430463068,431.9256927,2345.556522
"02.12.2019",0,0,"pairs",2,"TTi1","Tetraselmis_Tisochrysis","TTi",1,"Tetraselmis","TTi_T",168.3395298,32.25,5428.949837
"02.12.2019",0,0,"pairs",2,"TTi1","Tetraselmis_Tisochrysis","TTi",1,"Tisochrysis","TTi_Ti",24.28920184,99.97716734,2428.365597
"02.12.2019",0,0,"pairs",2,"DTi1","Dunaliella_Tisochrysis","DTi",1,"Dunaliella","DTi_D",110.8820436,14.52498469,1610.559986
"02.12.2019",0,0,"pairs",2,"DTi1","Dunaliella_Tisochrysis","DTi",1,"Tisochrysis","DTi_Ti",24.28920184,98.09080569,2382.547378
"02.12.2019",0,0,"pairs",2,"ATi1","Amphidinium_Tisochrysis","ATi",1,"Amphidinium","ATi_A",309.8685704,10.36451988,3211.638956
"02.12.2019",0,0,"pairs",2,"ATi1","Amphidinium_Tisochrysis","ATi",1,"Tisochrysis","ATi_Ti",24.28920184,92.90331116,2256.547276
"02.12.2019",0,0,"pairs",2,"TiS1","Tisochrysis_Synechococcus","TiS",1,"Tisochrysis","TiS_Ti",24.28920184,92.43172075,2245.092722
"02.12.2019",0,0,"pairs",2,"TiS1","Tisochrysis_Synechococcus","TiS",1,"Synechococcus","TiS_S",5.430463068,554.3046389,3010.13087
"02.12.2019",0,0,"communities",5,"COM1","Community","COM",1,"Amphidinium","COM_A",309.8685704,6.252509273,1937.45611
"02.12.2019",0,0,"communities",5,"COM1","Community","COM",1,"Tetraselmis","COM_T",168.3395298,14.25,2398.8383
"02.12.2019",0,0,"communities",5,"COM1","Community","COM",1,"Dunaliella","COM_D",110.8820436,11.4479406,1269.371049
"02.12.2019",0,0,"communities",5,"COM1","Community","COM",1,"Synechococcus","COM_S",5.430463068,205.164704,1114.139348
"02.12.2019",0,0,"communities",5,"COM1","Community","COM",1,"Tisochrysis","COM_Ti",24.28920184,29.80451404,723.9278572
"02.12.2019",0,0,"communities",5,"COM2","Community","COM",2,"Amphidinium","COM_A",309.8685704,2.703787794,837.8188582
"02.12.2019",0,0,"communities",5,"COM2","Community","COM",2,"Tetraselmis","COM_T",168.3395298,6.5,1094.206944
"02.12.2019",0,0,"communities",5,"COM2","Community","COM",2,"Dunaliella","COM_D",110.8820436,8.862921758,982.7388769
"02.12.2019",0,0,"communities",5,"COM2","Community","COM",2,"Synechococcus","COM_S",5.430463068,190.7671809,1035.954131
"02.12.2019",0,0,"communities",5,"COM2","Community","COM",2,"Tisochrysis","COM_Ti",24.28920184,22.73065786,552.1095366
"02.12.2019",0,0,"communities",5,"COM3","Community","COM",3,"Amphidinium","COM_A",309.8685704,1.858854108,576.000465
"02.12.2019",0,0,"communities",5,"COM3","Community","COM",3,"Tetraselmis","COM_T",168.3395298,4.5,757.5278843
"02.12.2019",0,0,"communities",5,"COM3","Community","COM",3,"Dunaliella","COM_D",110.8820436,9.601498571,1064.633783
"02.12.2019",0,0,"communities",5,"COM3","Community","COM",3,"Synechococcus","COM_S",5.430463068,244.7578925,1329.148696
"02.12.2019",0,0,"communities",5,"COM3","Community","COM",3,"Tisochrysis","COM_Ti",24.28920184,21.03293237,510.8731397
"02.12.2019",0,0,"communities",5,"COM4","Community","COM",4,"Amphidinium","COM_A",309.8685704,2.703787794,837.8188582
"02.12.2019",0,0,"communities",5,"COM4","Community","COM",4,"Tetraselmis","COM_T",168.3395298,6.25,1052.122062
"02.12.2019",0,0,"communities",5,"COM4","Community","COM",4,"Dunaliella","COM_D",110.8820436,7.570412335,839.4227907
"02.12.2019",0,0,"communities",5,"COM4","Community","COM",4,"Synechococcus","COM_S",5.430463068,233.9597502,1270.509783
"02.12.2019",0,0,"communities",5,"COM4","Community","COM",4,"Tisochrysis","COM_Ti",24.28920184,21.03293237,510.8731397
"02.12.2019",0,0,"communities",5,"COM5","Community","COM",5,"Amphidinium","COM_A",309.8685704,3.210748005,994.9098941
"02.12.2019",0,0,"communities",5,"COM5","Community","COM",5,"Tetraselmis","COM_T",168.3395298,4.5,757.5278843
"02.12.2019",0,0,"communities",5,"COM5","Community","COM",5,"Dunaliella","COM_D",110.8820436,8.493633352,941.7914237
"02.12.2019",0,0,"communities",5,"COM5","Community","COM",5,"Synechococcus","COM_S",5.430463068,273.5529387,1485.519131
"02.12.2019",0,0,"communities",5,"COM5","Community","COM",5,"Tisochrysis","COM_Ti",24.28920184,21.88179512,531.4913382
"03.12.2019",1,1,"monocultures",1,"A1","Amphidinium","A",1,"Amphidinium","A",387.3727709,20,7747.455419
"03.12.2019",1,1,"monocultures",1,"A2","Amphidinium","A",2,"Amphidinium","A",332.6561025,17.5,5821.481793
"03.12.2019",1,1,"monocultures",1,"A3","Amphidinium","A",3,"Amphidinium","A",332.0379786,26.25,8715.996938
"03.12.2019",1,1,"monocultures",1,"T1","Tetraselmis","T",1,"Tetraselmis","T",231.8739685,111.25,25795.97899
"03.12.2019",1,1,"monocultures",1,"T2","Tetraselmis","T",2,"Tetraselmis","T",279.6420436,113.75,31809.28246
"03.12.2019",1,1,"monocultures",1,"T3","Tetraselmis","T",3,"Tetraselmis","T",286.0725839,85,24316.16963
"03.12.2019",1,1,"monocultures",1,"D1","Dunaliella","D",1,"Dunaliella","D",96.49035718,93.75,9045.970986
"03.12.2019",1,1,"monocultures",1,"D2","Dunaliella","D",2,"Dunaliella","D",111.4587867,58.75,6548.203718
"03.12.2019",1,1,"monocultures",1,"D3","Dunaliella","D",3,"Dunaliella","D",108.2352748,50,5411.763738
"03.12.2019",1,1,"monocultures",1,"S1","Synechococcus","S",1,"Synechococcus","S",4.176651046,2225,9293.048577
"03.12.2019",1,1,"monocultures",1,"S2","Synechococcus","S",2,"Synechococcus","S",5.045475895,2175,10973.91007
"03.12.2019",1,1,"monocultures",1,"S3","Synechococcus","S",3,"Synechococcus","S",4.597144921,2125,9768.932958
"03.12.2019",1,1,"monocultures",1,"Ti1","Tisochrysis","Ti",1,"Tisochrysis","Ti",27.29575077,750,20471.81308
"03.12.2019",1,1,"monocultures",1,"Ti2","Tisochrysis","Ti",2,"Tisochrysis","Ti",28.9617982,625,18101.12387
"03.12.2019",1,1,"monocultures",1,"Ti3","Tisochrysis","Ti",3,"Tisochrysis","Ti",30.2761849,375,11353.56934
"03.12.2019",1,1,"pairs",2,"DA1","Dunaliella-Amphidinium","DA",1,"Dunaliella","DA_D",97.88667404,36.25,3548.391934
"03.12.2019",1,1,"pairs",2,"DA1","Dunaliella-Amphidinium","DA",1,"Amphidinium","DA_A",364.2225427,12.5,4552.781783
"03.12.2019",1,1,"pairs",2,"DA2","Dunaliella-Amphidinium","DA",2,"Dunaliella","DA_D",99.16302641,37.5,3718.613491
"03.12.2019",1,1,"pairs",2,"DA2","Dunaliella-Amphidinium","DA",2,"Amphidinium","DA_A",280.0953693,11.25,3151.072904
"03.12.2019",1,1,"pairs",2,"DA3","Dunaliella-Amphidinium","DA",3,"Dunaliella","DA_D",81.76443867,18.75,1533.083225
"03.12.2019",1,1,"pairs",2,"DA3","Dunaliella-Amphidinium","DA",3,"Amphidinium","DA_A",331.5720325,8.75,2901.255285
"03.12.2019",1,1,"pairs",2,"DS1","Dunaliella-Synechococcus","DS",1,"Dunaliella","DS_D",89.5104204,48.75,4363.632994
"03.12.2019",1,1,"pairs",2,"DS1","Dunaliella-Synechococcus","DS",1,"Synechococcus","DS_S",4.587228541,875,4013.824973
"03.12.2019",1,1,"pairs",2,"DS2","Dunaliella-Synechococcus","DS",2,"Dunaliella","DS_D",107.2824784,15,1609.237175
"03.12.2019",1,1,"pairs",2,"DS2","Dunaliella-Synechococcus","DS",2,"Synechococcus","DS_S",4.259310689,1150,4898.207292
"03.12.2019",1,1,"pairs",2,"DS3","Dunaliella-Synechococcus","DS",3,"Dunaliella","DS_D",100.5990039,27.5,2766.472608
"03.12.2019",1,1,"pairs",2,"DS3","Dunaliella-Synechococcus","DS",3,"Synechococcus","DS_S",4.216884883,1275,5376.528226
"03.12.2019",1,1,"pairs",2,"SA1","Synechococcus-Amphidinium","SA",1,"Amphidinium","SA_A",275.3729571,8.75,2409.513374
"03.12.2019",1,1,"pairs",2,"SA1","Synechococcus-Amphidinium","SA",1,"Synechococcus","SA_S",3.676677043,1125,4136.261674
"03.12.2019",1,1,"pairs",2,"SA2","Synechococcus-Amphidinium","SA",2,"Amphidinium","SA_A",288.3250603,13.75,3964.469579
"03.12.2019",1,1,"pairs",2,"SA2","Synechococcus-Amphidinium","SA",2,"Synechococcus","SA_S",4.077575524,850,3465.939195
"03.12.2019",1,1,"pairs",2,"SA3","Synechococcus-Amphidinium","SA",3,"Amphidinium","SA_A",311.4632822,3.75,1167.987308
"03.12.2019",1,1,"pairs",2,"SA3","Synechococcus-Amphidinium","SA",3,"Synechococcus","SA_S",4.388413841,875,3839.862111
"03.12.2019",1,1,"pairs",2,"TA1","Tetraselmis-Amphidinium","TA",1,"Amphidinium","TA_A",254.8384215,21.25,5415.316457
"03.12.2019",1,1,"pairs",2,"TA1","Tetraselmis-Amphidinium","TA",1,"Tetraselmis","TA_T",220.7894294,48.75,10763.48469
"03.12.2019",1,1,"pairs",2,"TA2","Tetraselmis-Amphidinium","TA",2,"Amphidinium","TA_A",291.7067485,13.75,4010.967791
"03.12.2019",1,1,"pairs",2,"TA2","Tetraselmis-Amphidinium","TA",2,"Tetraselmis","TA_T",229.9711102,51.25,11786.0194
"03.12.2019",1,1,"pairs",2,"TA3","Tetraselmis-Amphidinium","TA",3,"Amphidinium","TA_A",303.8741808,18.75,5697.640891
"03.12.2019",1,1,"pairs",2,"TA3","Tetraselmis-Amphidinium","TA",3,"Tetraselmis","TA_T",249.8395863,62.5,15614.97414
"03.12.2019",1,1,"pairs",2,"TD1","Tetraselmis_Dunaliella","TD",1,"Tetraselmis","TD_T",266.7591491,51.25,13671.40639
"03.12.2019",1,1,"pairs",2,"TD1","Tetraselmis_Dunaliella","TD",1,"Dunaliella","TD_D",94.35694874,27.5,2594.81609
"03.12.2019",1,1,"pairs",2,"TD2","Tetraselmis_Dunaliella","TD",2,"Tetraselmis","TD_T",239.8086804,48.75,11690.67317
"03.12.2019",1,1,"pairs",2,"TD2","Tetraselmis_Dunaliella","TD",2,"Dunaliella","TD_D",89.46824246,22.5,2013.035455
"03.12.2019",1,1,"pairs",2,"TD3","Tetraselmis_Dunaliella","TD",3,"Tetraselmis","TD_T",255.60005,45,11502.00225
"03.12.2019",1,1,"pairs",2,"TD3","Tetraselmis_Dunaliella","TD",3,"Dunaliella","TD_D",95.35842939,25,2383.960735
"03.12.2019",1,1,"pairs",2,"TS1","Tetraselmis_Synechococcus","TS",1,"Tetraselmis","TS_T",223.1381441,55,12272.59792
"03.12.2019",1,1,"pairs",2,"TS1","Tetraselmis_Synechococcus","TS",1,"Synechococcus","TS_S",4.770139463,1275,6081.927816
"03.12.2019",1,1,"pairs",2,"TS2","Tetraselmis_Synechococcus","TS",2,"Tetraselmis","TS_T",270.6494294,42.5,11502.60075
"03.12.2019",1,1,"pairs",2,"TS2","Tetraselmis_Synechococcus","TS",2,"Synechococcus","TS_S",3.935017838,1000,3935.017838
"03.12.2019",1,1,"pairs",2,"TS3","Tetraselmis_Synechococcus","TS",3,"Tetraselmis","TS_T",250.6917857,50,12534.58929
"03.12.2019",1,1,"pairs",2,"TS3","Tetraselmis_Synechococcus","TS",3,"Synechococcus","TS_S",4.772046819,925,4414.143308
"03.12.2019",1,1,"pairs",2,"TTi1","Tetraselmis_Tisochrysis","TTi",1,"Tetraselmis","TTi_T",231.7548366,45,10428.96765
"03.12.2019",1,1,"pairs",2,"TTi1","Tetraselmis_Tisochrysis","TTi",1,"Tisochrysis","TTi_Ti",22.53208716,235,5295.040483
"03.12.2019",1,1,"pairs",2,"TTi2","Tetraselmis_Tisochrysis","TTi",2,"Tetraselmis","TTi_T",288.6008393,47.5,13708.53987
"03.12.2019",1,1,"pairs",2,"TTi2","Tetraselmis_Tisochrysis","TTi",2,"Tisochrysis","TTi_Ti",20.12151212,232.5,4678.251568
"03.12.2019",1,1,"pairs",2,"TTi3","Tetraselmis_Tisochrysis","TTi",3,"Tetraselmis","TTi_T",265.5246675,57.5,15267.66838
"03.12.2019",1,1,"pairs",2,"TTi3","Tetraselmis_Tisochrysis","TTi",3,"Tisochrysis","TTi_Ti",20.21556583,196.25,3967.304795
"03.12.2019",1,1,"pairs",2,"DTi1","Dunaliella_Tisochrysis","DTi",1,"Dunaliella","DTi_D",78.32343284,57.5,4503.597388
"03.12.2019",1,1,"pairs",2,"DTi1","Dunaliella_Tisochrysis","DTi",1,"Tisochrysis","DTi_Ti",27.61133001,236.25,6523.176716
"03.12.2019",1,1,"pairs",2,"DTi2","Dunaliella_Tisochrysis","DTi",2,"Dunaliella","DTi_D",102.5582493,90,9230.242436
"03.12.2019",1,1,"pairs",2,"DTi2","Dunaliella_Tisochrysis","DTi",2,"Tisochrysis","DTi_Ti",20.99845016,245,5144.620289
"03.12.2019",1,1,"pairs",2,"DTi3","Dunaliella_Tisochrysis","DTi",3,"Dunaliella","DTi_D",96.53074427,65,6274.498377
"03.12.2019",1,1,"pairs",2,"DTi3","Dunaliella_Tisochrysis","DTi",3,"Tisochrysis","DTi_Ti",25.65628119,263.75,6766.844165
"03.12.2019",1,1,"pairs",2,"ATi1","Amphidinium_Tisochrysis","ATi",1,"Amphidinium","ATi_A",353.5516553,17.5,6187.153968
"03.12.2019",1,1,"pairs",2,"ATi1","Amphidinium_Tisochrysis","ATi",1,"Tisochrysis","ATi_Ti",25.27115327,205,5180.58642
"03.12.2019",1,1,"pairs",2,"ATi2","Amphidinium_Tisochrysis","ATi",2,"Amphidinium","ATi_A",310.0570224,8.75,2712.998946
"03.12.2019",1,1,"pairs",2,"ATi2","Amphidinium_Tisochrysis","ATi",2,"Tisochrysis","ATi_Ti",21.9709936,171.25,3762.532654
"03.12.2019",1,1,"pairs",2,"ATi3","Amphidinium_Tisochrysis","ATi",3,"Amphidinium","ATi_A",348.1432886,16.25,5657.32844
"03.12.2019",1,1,"pairs",2,"ATi3","Amphidinium_Tisochrysis","ATi",3,"Tisochrysis","ATi_Ti",22.35404241,175,3911.957421
"03.12.2019",1,1,"pairs",2,"TiS1","Tisochrysis_Synechococcus","TiS",1,"Tisochrysis","TiS_Ti",19.82028841,200,3964.057682
"03.12.2019",1,1,"pairs",2,"TiS1","Tisochrysis_Synechococcus","TiS",1,"Synechococcus","TiS_S",3.903217928,750,2927.413446
"03.12.2019",1,1,"pairs",2,"TiS2","Tisochrysis_Synechococcus","TiS",2,"Tisochrysis","TiS_Ti",27.01717831,200,5403.435661
"03.12.2019",1,1,"pairs",2,"TiS2","Tisochrysis_Synechococcus","TiS",2,"Synechococcus","TiS_S",3.836271088,1025,3932.177865
"03.12.2019",1,1,"pairs",2,"TiS3","Tisochrysis_Synechococcus","TiS",3,"Tisochrysis","TiS_Ti",27.47732785,75,2060.799589
"03.12.2019",1,1,"pairs",2,"TiS3","Tisochrysis_Synechococcus","TiS",3,"Synechococcus","TiS_S",4.032255228,975,3931.448847
"03.12.2019",1,1,"communities",5,"COM1","Community","COM",1,"Amphidinium","COM_A",323.3712667,5,1616.856334
"03.12.2019",1,1,"communities",5,"COM1","Community","COM",1,"Tetraselmis","COM_T",211.4572394,21.25,4493.466338
"03.12.2019",1,1,"communities",5,"COM1","Community","COM",1,"Dunaliella","COM_D",93.6665437,22.5,2107.497233
"03.12.2019",1,1,"communities",5,"COM1","Community","COM",1,"Synechococcus","COM_S",4.003546124,250,1000.886531
"03.12.2019",1,1,"communities",5,"COM1","Community","COM",1,"Tisochrysis","COM_Ti",29.75911337,92.5,2752.717987
"03.12.2019",1,1,"communities",5,"COM2","Community","COM",2,"Amphidinium","COM_A",341.4438736,8.75,2987.633894
"03.12.2019",1,1,"communities",5,"COM2","Community","COM",2,"Tetraselmis","COM_T",254.594071,16.25,4137.153653
"03.12.2019",1,1,"communities",5,"COM2","Community","COM",2,"Dunaliella","COM_D",105.0260172,22.5,2363.085386
"03.12.2019",1,1,"communities",5,"COM2","Community","COM",2,"Synechococcus","COM_S",4.860046204,450,2187.020792
"03.12.2019",1,1,"communities",5,"COM2","Community","COM",2,"Tisochrysis","COM_Ti",28.82929463,101.25,2918.966081
"03.12.2019",1,1,"communities",5,"COM3","Community","COM",3,"Amphidinium","COM_A",364.4699232,3.75,1366.762212
"03.12.2019",1,1,"communities",5,"COM3","Community","COM",3,"Tetraselmis","COM_T",259.2830525,27.5,7130.283943
"03.12.2019",1,1,"communities",5,"COM3","Community","COM",3,"Dunaliella","COM_D",116.0474636,25,2901.18659
"03.12.2019",1,1,"communities",5,"COM3","Community","COM",3,"Synechococcus","COM_S",4.001695241,425,1700.720477
"03.12.2019",1,1,"communities",5,"COM3","Community","COM",3,"Tisochrysis","COM_Ti",29.39300877,120,3527.161053
"03.12.2019",1,1,"communities",5,"COM4","Community","COM",4,"Amphidinium","COM_A",298.5320029,2.5,746.3300073
"03.12.2019",1,1,"communities",5,"COM4","Community","COM",4,"Tetraselmis","COM_T",252.1141612,21.25,5357.425926
"03.12.2019",1,1,"communities",5,"COM4","Community","COM",4,"Dunaliella","COM_D",88.9138444,8.75,777.9961385
"03.12.2019",1,1,"communities",5,"COM4","Community","COM",4,"Synechococcus","COM_S",4.902674084,400,1961.069634
"03.12.2019",1,1,"communities",5,"COM4","Community","COM",4,"Tisochrysis","COM_Ti",28.41939666,130,3694.521566
"03.12.2019",1,1,"communities",5,"COM5","Community","COM",5,"Amphidinium","COM_A",275.1290562,5,1375.645281
"03.12.2019",1,1,"communities",5,"COM5","Community","COM",5,"Tetraselmis","COM_T",239.8022672,18.75,4496.29251
"03.12.2019",1,1,"communities",5,"COM5","Community","COM",5,"Dunaliella","COM_D",110.3909312,8.75,965.920648
"03.12.2019",1,1,"communities",5,"COM5","Community","COM",5,"Synechococcus","COM_S",5.254403594,450,2364.481617
"03.12.2019",1,1,"communities",5,"COM5","Community","COM",5,"Tisochrysis","COM_Ti",29.11312911,102.5,2984.095734
"04.12.2019",2,2,"monocultures",1,"A1","Amphidinium","A",1,"Amphidinium","A",359.7099003,63.75,22931.50614
"04.12.2019",2,2,"monocultures",1,"A2","Amphidinium","A",2,"Amphidinium","A",332.0215419,61.25,20336.31944
"04.12.2019",2,2,"monocultures",1,"A3","Amphidinium","A",3,"Amphidinium","A",377.6348253,61.25,23130.13305
"04.12.2019",2,2,"monocultures",1,"T1","Tetraselmis","T",1,"Tetraselmis","T",215.2057409,368.75,79357.11694
"04.12.2019",2,2,"monocultures",1,"T2","Tetraselmis","T",2,"Tetraselmis","T",206.9510112,348.75,72174.16517
"04.12.2019",2,2,"monocultures",1,"T3","Tetraselmis","T",3,"Tetraselmis","T",238.791743,313.75,74920.90937
"04.12.2019",2,2,"monocultures",1,"D1","Dunaliella","D",1,"Dunaliella","D",83.25748323,601.25,50058.56179
"04.12.2019",2,2,"monocultures",1,"D2","Dunaliella","D",2,"Dunaliella","D",93.17506277,443.75,41346.4341
"04.12.2019",2,2,"monocultures",1,"D3","Dunaliella","D",3,"Dunaliella","D",78.58707124,517.5,40668.80937
"04.12.2019",2,2,"monocultures",1,"S1","Synechococcus","S",1,"Synechococcus","S",4.002162033,4750,19010.26966
"04.12.2019",2,2,"monocultures",1,"S2","Synechococcus","S",2,"Synechococcus","S",4.886595122,5300,25898.95415
"04.12.2019",2,2,"monocultures",1,"S3","Synechococcus","S",3,"Synechococcus","S",4.499809528,4925,22161.56193
"04.12.2019",2,2,"monocultures",1,"Ti1","Tisochrysis","Ti",1,"Tisochrysis","Ti",21.03194729,1475,31022.12225
"04.12.2019",2,2,"monocultures",1,"Ti2","Tisochrysis","Ti",2,"Tisochrysis","Ti",19.75278347,1100,21728.06182
"04.12.2019",2,2,"monocultures",1,"Ti3","Tisochrysis","Ti",3,"Tisochrysis","Ti",21.53428469,2050,44145.28362
"04.12.2019",2,2,"pairs",2,"DA1","Dunaliella-Amphidinium","DA",1,"Dunaliella","DA_D",66.3381674,222.5,14760.24225
"04.12.2019",2,2,"pairs",2,"DA1","Dunaliella-Amphidinium","DA",1,"Amphidinium","DA_A",337.5398279,25,8438.495699
"04.12.2019",2,2,"pairs",2,"DA2","Dunaliella-Amphidinium","DA",2,"Dunaliella","DA_D",71.97917012,285,20514.06348
"04.12.2019",2,2,"pairs",2,"DA2","Dunaliella-Amphidinium","DA",2,"Amphidinium","DA_A",312.6130036,23.75,7424.558835
"04.12.2019",2,2,"pairs",2,"DA3","Dunaliella-Amphidinium","DA",3,"Dunaliella","DA_D",77.93450731,265,20652.64444
"04.12.2019",2,2,"pairs",2,"DA3","Dunaliella-Amphidinium","DA",3,"Amphidinium","DA_A",351.147957,18.75,6584.024194
"04.12.2019",2,2,"pairs",2,"DS1","Dunaliella-Synechococcus","DS",1,"Dunaliella","DS_D",68.38526819,187.5,12822.23779
"04.12.2019",2,2,"pairs",2,"DS1","Dunaliella-Synechococcus","DS",1,"Synechococcus","DS_S",4.997892075,1675,8371.469225
"04.12.2019",2,2,"pairs",2,"DS2","Dunaliella-Synechococcus","DS",2,"Dunaliella","DS_D",75.30432022,227.5,17131.73285
"04.12.2019",2,2,"pairs",2,"DS2","Dunaliella-Synechococcus","DS",2,"Synechococcus","DS_S",4.62163704,2475,11438.55167
"04.12.2019",2,2,"pairs",2,"DS3","Dunaliella-Synechococcus","DS",3,"Dunaliella","DS_D",67.29918087,277.5,18675.52269
"04.12.2019",2,2,"pairs",2,"DS3","Dunaliella-Synechococcus","DS",3,"Synechococcus","DS_S",4.432726074,2450,10860.17888
"04.12.2019",2,2,"pairs",2,"SA1","Synechococcus-Amphidinium","SA",1,"Amphidinium","SA_A",345.5683519,23.75,8207.248358
"04.12.2019",2,2,"pairs",2,"SA1","Synechococcus-Amphidinium","SA",1,"Synechococcus","SA_S",4.223469408,1650,6968.724522
"04.12.2019",2,2,"pairs",2,"SA2","Synechococcus-Amphidinium","SA",2,"Amphidinium","SA_A",360.4654472,28.75,10363.38161
"04.12.2019",2,2,"pairs",2,"SA2","Synechococcus-Amphidinium","SA",2,"Synechococcus","SA_S",4.290634327,2250,9653.927236
"04.12.2019",2,2,"pairs",2,"SA3","Synechococcus-Amphidinium","SA",3,"Amphidinium","SA_A",312.035844,20,6240.71688
"04.12.2019",2,2,"pairs",2,"SA3","Synechococcus-Amphidinium","SA",3,"Synechococcus","SA_S",4.68765521,2650,12422.28631
"04.12.2019",2,2,"pairs",2,"TA1","Tetraselmis-Amphidinium","TA",1,"Amphidinium","TA_A",374.699481,20.83333333,7806.239188
"04.12.2019",2,2,"pairs",2,"TA1","Tetraselmis-Amphidinium","TA",1,"Tetraselmis","TA_T",207.9276812,139.5833333,29023.23884
"04.12.2019",2,2,"pairs",2,"TA2","Tetraselmis-Amphidinium","TA",2,"Amphidinium","TA_A",309.4467894,17.5,5415.318814
"04.12.2019",2,2,"pairs",2,"TA2","Tetraselmis-Amphidinium","TA",2,"Tetraselmis","TA_T",250.9348976,192.5,48304.96778
"04.12.2019",2,2,"pairs",2,"TA3","Tetraselmis-Amphidinium","TA",3,"Amphidinium","TA_A",336.1906679,25,8404.766697
"04.12.2019",2,2,"pairs",2,"TA3","Tetraselmis-Amphidinium","TA",3,"Tetraselmis","TA_T",231.2357355,191.25,44223.83442
"04.12.2019",2,2,"pairs",2,"TD1","Tetraselmis_Dunaliella","TD",1,"Tetraselmis","TD_T",186.5390033,167.5,31245.28305
"04.12.2019",2,2,"pairs",2,"TD1","Tetraselmis_Dunaliella","TD",1,"Dunaliella","TD_D",66.65689144,181.25,12081.56157
"04.12.2019",2,2,"pairs",2,"TD2","Tetraselmis_Dunaliella","TD",2,"Tetraselmis","TD_T",214.4161848,185,39666.99418
"04.12.2019",2,2,"pairs",2,"TD2","Tetraselmis_Dunaliella","TD",2,"Dunaliella","TD_D",68.93377369,207.5,14303.75804
"04.12.2019",2,2,"pairs",2,"TD3","Tetraselmis_Dunaliella","TD",3,"Tetraselmis","TD_T",218.7977244,138.75,30358.18426
"04.12.2019",2,2,"pairs",2,"TD3","Tetraselmis_Dunaliella","TD",3,"Dunaliella","TD_D",69.43470128,147.5,10241.61844
"04.12.2019",2,2,"pairs",2,"TS1","Tetraselmis_Synechococcus","TS",1,"Tetraselmis","TS_T",211.7699575,140,29647.79405
"04.12.2019",2,2,"pairs",2,"TS1","Tetraselmis_Synechococcus","TS",1,"Synechococcus","TS_S",5.308037596,2500,13270.09399
"04.12.2019",2,2,"pairs",2,"TS2","Tetraselmis_Synechococcus","TS",2,"Tetraselmis","TS_T",244.206669,146.25,35715.22533
"04.12.2019",2,2,"pairs",2,"TS2","Tetraselmis_Synechococcus","TS",2,"Synechococcus","TS_S",4.722326183,2550,12041.93177
"04.12.2019",2,2,"pairs",2,"TS3","Tetraselmis_Synechococcus","TS",3,"Tetraselmis","TS_T",208.9324543,186.25,38913.66961
"04.12.2019",2,2,"pairs",2,"TS3","Tetraselmis_Synechococcus","TS",3,"Synechococcus","TS_S",4.544920045,2850,12953.02213
"04.12.2019",2,2,"pairs",2,"TTi1","Tetraselmis_Tisochrysis","TTi",1,"Tetraselmis","TTi_T",263.0285298,195,51290.56331
"04.12.2019",2,2,"pairs",2,"TTi1","Tetraselmis_Tisochrysis","TTi",1,"Tisochrysis","TTi_Ti",19.89461944,658.75,13105.58056
"04.12.2019",2,2,"pairs",2,"TTi2","Tetraselmis_Tisochrysis","TTi",2,"Tetraselmis","TTi_T",222.1503794,210,46651.57967
"04.12.2019",2,2,"pairs",2,"TTi2","Tetraselmis_Tisochrysis","TTi",2,"Tisochrysis","TTi_Ti",18.10712146,672.5,12177.03918
"04.12.2019",2,2,"pairs",2,"TTi3","Tetraselmis_Tisochrysis","TTi",3,"Tetraselmis","TTi_T",220.6531602,182.5,40269.20173
"04.12.2019",2,2,"pairs",2,"TTi3","Tetraselmis_Tisochrysis","TTi",3,"Tisochrysis","TTi_Ti",20.96448169,683.75,14334.46436
"04.12.2019",2,2,"pairs",2,"DTi1","Dunaliella_Tisochrysis","DTi",1,"Dunaliella","DTi_D",68.88211172,282.5,19459.19656
"04.12.2019",2,2,"pairs",2,"DTi1","Dunaliella_Tisochrysis","DTi",1,"Tisochrysis","DTi_Ti",18.45356122,895,16515.9373
"04.12.2019",2,2,"pairs",2,"DTi2","Dunaliella_Tisochrysis","DTi",2,"Dunaliella","DTi_D",79.15256079,290,22954.24263
"04.12.2019",2,2,"pairs",2,"DTi2","Dunaliella_Tisochrysis","DTi",2,"Tisochrysis","DTi_Ti",18.2696256,731.25,13359.66372
"04.12.2019",2,2,"pairs",2,"DTi3","Dunaliella_Tisochrysis","DTi",3,"Dunaliella","DTi_D",77.42999148,255,19744.64783
"04.12.2019",2,2,"pairs",2,"DTi3","Dunaliella_Tisochrysis","DTi",3,"Tisochrysis","DTi_Ti",19.26901067,898.75,17318.02334
"04.12.2019",2,2,"pairs",2,"ATi1","Amphidinium_Tisochrysis","ATi",1,"Amphidinium","ATi_A",369.9108717,22.5,8322.994613
"04.12.2019",2,2,"pairs",2,"ATi1","Amphidinium_Tisochrysis","ATi",1,"Tisochrysis","ATi_Ti",20.83920186,807.5,16827.6555
"04.12.2019",2,2,"pairs",2,"ATi2","Amphidinium_Tisochrysis","ATi",2,"Amphidinium","ATi_A",392.8801952,23.75,9330.904636
"04.12.2019",2,2,"pairs",2,"ATi2","Amphidinium_Tisochrysis","ATi",2,"Tisochrysis","ATi_Ti",20.21896356,1117.5,22594.69178
"04.12.2019",2,2,"pairs",2,"ATi3","Amphidinium_Tisochrysis","ATi",3,"Amphidinium","ATi_A",356.778895,23.75,8473.498755
"04.12.2019",2,2,"pairs",2,"ATi3","Amphidinium_Tisochrysis","ATi",3,"Tisochrysis","ATi_Ti",24.19686842,866.25,20960.53727
"04.12.2019",2,2,"pairs",2,"TiS1","Tisochrysis_Synechococcus","TiS",1,"Tisochrysis","TiS_Ti",19.31730674,1175,22697.83542
"04.12.2019",2,2,"pairs",2,"TiS1","Tisochrysis_Synechococcus","TiS",1,"Synechococcus","TiS_S",3.885388818,2650,10296.28037
"04.12.2019",2,2,"pairs",2,"TiS2","Tisochrysis_Synechococcus","TiS",2,"Tisochrysis","TiS_Ti",18.64602697,775,14450.6709
"04.12.2019",2,2,"pairs",2,"TiS2","Tisochrysis_Synechococcus","TiS",2,"Synechococcus","TiS_S",4.87233237,2650,12911.68078
"04.12.2019",2,2,"pairs",2,"TiS3","Tisochrysis_Synechococcus","TiS",3,"Tisochrysis","TiS_Ti",22.24245199,975,21686.39069
"04.12.2019",2,2,"pairs",2,"TiS3","Tisochrysis_Synechococcus","TiS",3,"Synechococcus","TiS_S",4.316670696,2200,9496.675531
"04.12.2019",2,2,"communities",5,"COM1","Community","COM",1,"Amphidinium","COM_A",290.5253729,7.5,2178.940297
"04.12.2019",2,2,"communities",5,"COM1","Community","COM",1,"Tetraselmis","COM_T",221.9797617,46.25,10266.56398
"04.12.2019",2,2,"communities",5,"COM1","Community","COM",1,"Dunaliella","COM_D",68.5631946,91.25,6256.391508
"04.12.2019",2,2,"communities",5,"COM1","Community","COM",1,"Synechococcus","COM_S",4.021467726,925,3719.857646
"04.12.2019",2,2,"communities",5,"COM1","Community","COM",1,"Tisochrysis","COM_Ti",21.44912796,383.75,8231.102853
"04.12.2019",2,2,"communities",5,"COM2","Community","COM",2,"Amphidinium","COM_A",318.6297427,13.75,4381.158962
"04.12.2019",2,2,"communities",5,"COM2","Community","COM",2,"Tetraselmis","COM_T",246.1095576,83.75,20611.67545
"04.12.2019",2,2,"communities",5,"COM2","Community","COM",2,"Dunaliella","COM_D",75.41877161,113.75,8578.885271
"04.12.2019",2,2,"communities",5,"COM2","Community","COM",2,"Synechococcus","COM_S",4.253634689,1025,4359.975556
"04.12.2019",2,2,"communities",5,"COM2","Community","COM",2,"Tisochrysis","COM_Ti",19.34127831,411.25,7954.100707
"04.12.2019",2,2,"communities",5,"COM3","Community","COM",3,"Amphidinium","COM_A",289.4740055,7.5,2171.055041
"04.12.2019",2,2,"communities",5,"COM3","Community","COM",3,"Tetraselmis","COM_T",265.3677966,62.5,16585.48729
"04.12.2019",2,2,"communities",5,"COM3","Community","COM",3,"Dunaliella","COM_D",79.72346124,112.5,8968.889389
"04.12.2019",2,2,"communities",5,"COM3","Community","COM",3,"Synechococcus","COM_S",4.634854867,1050,4866.59761
"04.12.2019",2,2,"communities",5,"COM3","Community","COM",3,"Tisochrysis","COM_Ti",19.00956502,350,6653.347756
"04.12.2019",2,2,"communities",5,"COM4","Community","COM",4,"Amphidinium","COM_A",362.1104434,6.25,2263.190271
"04.12.2019",2,2,"communities",5,"COM4","Community","COM",4,"Tetraselmis","COM_T",247.2213016,95,23486.02365
"04.12.2019",2,2,"communities",5,"COM4","Community","COM",4,"Dunaliella","COM_D",87.83616674,80,7026.893339
"04.12.2019",2,2,"communities",5,"COM4","Community","COM",4,"Synechococcus","COM_S",4.068240859,1025,4169.946881
"04.12.2019",2,2,"communities",5,"COM4","Community","COM",4,"Tisochrysis","COM_Ti",18.52813255,402.5,7457.57335
"04.12.2019",2,2,"communities",5,"COM5","Community","COM",5,"Amphidinium","COM_A",394.1687092,2.5,985.421773
"04.12.2019",2,2,"communities",5,"COM5","Community","COM",5,"Tetraselmis","COM_T",231.1649088,88.75,20515.88565
"04.12.2019",2,2,"communities",5,"COM5","Community","COM",5,"Dunaliella","COM_D",83.17085755,78.75,6549.705032
"04.12.2019",2,2,"communities",5,"COM5","Community","COM",5,"Synechococcus","COM_S",4.402517456,875,3852.202774
"04.12.2019",2,2,"communities",5,"COM5","Community","COM",5,"Tisochrysis","COM_Ti",23.16833459,438.75,10165.1068
"05.12.2019",3,3,"monocultures",1,"A1","Amphidinium","A",1,"Amphidinium","A",355.8284555,98.75,35138.05998
"05.12.2019",3,3,"monocultures",1,"A2","Amphidinium","A",2,"Amphidinium","A",368.167166,101.25,37276.92556
"05.12.2019",3,3,"monocultures",1,"A3","Amphidinium","A",3,"Amphidinium","A",368.9652547,103.75,38280.14518
"05.12.2019",3,3,"monocultures",1,"T1","Tetraselmis","T",1,"Tetraselmis","T",189.7585428,458.75,87051.73151
"05.12.2019",3,3,"monocultures",1,"T2","Tetraselmis","T",2,"Tetraselmis","T",220.6025215,503.75,111128.5202
"05.12.2019",3,3,"monocultures",1,"T3","Tetraselmis","T",3,"Tetraselmis","T",237.5841795,507.5,120573.9711
"05.12.2019",3,3,"monocultures",1,"D1","Dunaliella","D",1,"Dunaliella","D",63.82971953,627.5,40053.149
"05.12.2019",3,3,"monocultures",1,"D2","Dunaliella","D",2,"Dunaliella","D",77.27066081,608.75,47038.51477
"05.12.2019",3,3,"monocultures",1,"D3","Dunaliella","D",3,"Dunaliella","D",75.22194245,605,45509.27518
"05.12.2019",3,3,"monocultures",1,"S1","Synechococcus","S",1,"Synechococcus","S",4.457423214,13500,60175.21339
"05.12.2019",3,3,"monocultures",1,"S2","Synechococcus","S",2,"Synechococcus","S",4.057874774,12725,51636.4565
"05.12.2019",3,3,"monocultures",1,"S3","Synechococcus","S",3,"Synechococcus","S",4.677279629,11375,53204.05578
"05.12.2019",3,3,"monocultures",1,"Ti1","Tisochrysis","Ti",1,"Tisochrysis","Ti",22.94781258,2275,52206.27363
"05.12.2019",3,3,"monocultures",1,"Ti2","Tisochrysis","Ti",2,"Tisochrysis","Ti",21.29034691,2275,48435.53923
"05.12.2019",3,3,"monocultures",1,"Ti3","Tisochrysis","Ti",3,"Tisochrysis","Ti",24.59423131,2750,67634.13609
"05.12.2019",3,3,"pairs",2,"DA1","Dunaliella-Amphidinium","DA",1,"Dunaliella","DA_D",65.02325839,398.75,25928.02428
"05.12.2019",3,3,"pairs",2,"DA1","Dunaliella-Amphidinium","DA",1,"Amphidinium","DA_A",346.2907414,38.75,13418.76623
"05.12.2019",3,3,"pairs",2,"DA2","Dunaliella-Amphidinium","DA",2,"Dunaliella","DA_D",76.19140325,415,31619.43235
"05.12.2019",3,3,"pairs",2,"DA2","Dunaliella-Amphidinium","DA",2,"Amphidinium","DA_A",375.4876714,63.75,23937.33905
"05.12.2019",3,3,"pairs",2,"DA3","Dunaliella-Amphidinium","DA",3,"Dunaliella","DA_D",74.5641444,360,26843.09198
"05.12.2019",3,3,"pairs",2,"DA3","Dunaliella-Amphidinium","DA",3,"Amphidinium","DA_A",332.2988003,37.5,12461.20501
"05.12.2019",3,3,"pairs",2,"DS1","Dunaliella-Synechococcus","DS",1,"Dunaliella","DS_D",78.34976298,373.75,29283.22391
"05.12.2019",3,3,"pairs",2,"DS1","Dunaliella-Synechococcus","DS",1,"Synechococcus","DS_S",4.824926905,4475,21591.5479
"05.12.2019",3,3,"pairs",2,"DS2","Dunaliella-Synechococcus","DS",2,"Dunaliella","DS_D",76.69658786,415,31829.08396
"05.12.2019",3,3,"pairs",2,"DS2","Dunaliella-Synechococcus","DS",2,"Synechococcus","DS_S",4.223828114,4650,19640.80073
"05.12.2019",3,3,"pairs",2,"DS3","Dunaliella-Synechococcus","DS",3,"Dunaliella","DS_D",78.44738838,432.5,33928.49547
"05.12.2019",3,3,"pairs",2,"DS3","Dunaliella-Synechococcus","DS",3,"Synechococcus","DS_S",4.622021015,5775,26692.17136
"05.12.2019",3,3,"pairs",2,"SA1","Synechococcus-Amphidinium","SA",1,"Amphidinium","SA_A",366.7281977,37.5,13752.30742
"05.12.2019",3,3,"pairs",2,"SA1","Synechococcus-Amphidinium","SA",1,"Synechococcus","SA_S",4.390215262,5100,22390.09784
"05.12.2019",3,3,"pairs",2,"SA2","Synechococcus-Amphidinium","SA",2,"Amphidinium","SA_A",355.9447452,46.25,16462.44447
"05.12.2019",3,3,"pairs",2,"SA2","Synechococcus-Amphidinium","SA",2,"Synechococcus","SA_S",4.615298395,5100,23538.02181
"05.12.2019",3,3,"pairs",2,"SA3","Synechococcus-Amphidinium","SA",3,"Amphidinium","SA_A",372.5660203,47.5,17696.88597
"05.12.2019",3,3,"pairs",2,"SA3","Synechococcus-Amphidinium","SA",3,"Synechococcus","SA_S",4.144552124,4300,17821.57413
"05.12.2019",3,3,"pairs",2,"TA1","Tetraselmis-Amphidinium","TA",1,"Amphidinium","TA_A",333.6722492,63.75,21271.60589
"05.12.2019",3,3,"pairs",2,"TA1","Tetraselmis-Amphidinium","TA",1,"Tetraselmis","TA_T",222.8541707,312.5,69641.92835
"05.12.2019",3,3,"pairs",2,"TA2","Tetraselmis-Amphidinium","TA",2,"Amphidinium","TA_A",319.3973922,50,15969.86961
"05.12.2019",3,3,"pairs",2,"TA2","Tetraselmis-Amphidinium","TA",2,"Tetraselmis","TA_T",203.0127125,291.25,59127.45251
"05.12.2019",3,3,"pairs",2,"TA3","Tetraselmis-Amphidinium","TA",3,"Amphidinium","TA_A",340.1050016,57.5,19556.03759
"05.12.2019",3,3,"pairs",2,"TA3","Tetraselmis-Amphidinium","TA",3,"Tetraselmis","TA_T",224.9424691,286.25,64389.78178
"05.12.2019",3,3,"pairs",2,"TD1","Tetraselmis_Dunaliella","TD",1,"Tetraselmis","TD_T",214.7568479,351.25,75433.34283
"05.12.2019",3,3,"pairs",2,"TD1","Tetraselmis_Dunaliella","TD",1,"Dunaliella","TD_D",69.60803017,171.25,11920.37517
"05.12.2019",3,3,"pairs",2,"TD2","Tetraselmis_Dunaliella","TD",2,"Tetraselmis","TD_T",202.7704699,311.25,63112.30877
"05.12.2019",3,3,"pairs",2,"TD2","Tetraselmis_Dunaliella","TD",2,"Dunaliella","TD_D",62.98205674,132.5,8345.122518
"05.12.2019",3,3,"pairs",2,"TD3","Tetraselmis_Dunaliella","TD",3,"Tetraselmis","TD_T",208.9646013,345,72092.78743
"05.12.2019",3,3,"pairs",2,"TD3","Tetraselmis_Dunaliella","TD",3,"Dunaliella","TD_D",68.67053003,196.25,13476.59152
"05.12.2019",3,3,"pairs",2,"TS1","Tetraselmis_Synechococcus","TS",1,"Tetraselmis","TS_T",199.1937683,337.5,67227.89681
"05.12.2019",3,3,"pairs",2,"TS1","Tetraselmis_Synechococcus","TS",1,"Synechococcus","TS_S",5.481180048,4200,23020.9562
"05.12.2019",3,3,"pairs",2,"TS2","Tetraselmis_Synechococcus","TS",2,"Tetraselmis","TS_T",221.2596964,278.75,61676.14038
"05.12.2019",3,3,"pairs",2,"TS2","Tetraselmis_Synechococcus","TS",2,"Synechococcus","TS_S",4.449073365,3450,15349.30311
"05.12.2019",3,3,"pairs",2,"TS3","Tetraselmis_Synechococcus","TS",3,"Tetraselmis","TS_T",219.2107982,335,73435.61738
"05.12.2019",3,3,"pairs",2,"TS3","Tetraselmis_Synechococcus","TS",3,"Synechococcus","TS_S",4.414860565,3575,15783.12652
"05.12.2019",3,3,"pairs",2,"TTi1","Tetraselmis_Tisochrysis","TTi",1,"Tetraselmis","TTi_T",205.2471696,620,127253.2452
"05.12.2019",3,3,"pairs",2,"TTi1","Tetraselmis_Tisochrysis","TTi",1,"Tisochrysis","TTi_Ti",19.25725831,900,17331.53248
"05.12.2019",3,3,"pairs",2,"TTi2","Tetraselmis_Tisochrysis","TTi",2,"Tetraselmis","TTi_T",203.2558467,301.25,61230.82382
"05.12.2019",3,3,"pairs",2,"TTi2","Tetraselmis_Tisochrysis","TTi",2,"Tisochrysis","TTi_Ti",24.49182103,825,20205.75235
"05.12.2019",3,3,"pairs",2,"TTi3","Tetraselmis_Tisochrysis","TTi",3,"Tetraselmis","TTi_T",192.7930604,297.5,57355.93547
"05.12.2019",3,3,"pairs",2,"TTi3","Tetraselmis_Tisochrysis","TTi",3,"Tisochrysis","TTi_Ti",19.39086018,850,16482.23115
"05.12.2019",3,3,"pairs",2,"DTi1","Dunaliella_Tisochrysis","DTi",1,"Dunaliella","DTi_D",77.88354788,325,25312.15306
"05.12.2019",3,3,"pairs",2,"DTi1","Dunaliella_Tisochrysis","DTi",1,"Tisochrysis","DTi_Ti",18.71981241,1325,24803.75144
"05.12.2019",3,3,"pairs",2,"DTi2","Dunaliella_Tisochrysis","DTi",2,"Dunaliella","DTi_D",80.86534965,458.75,37096.97915
"05.12.2019",3,3,"pairs",2,"DTi2","Dunaliella_Tisochrysis","DTi",2,"Tisochrysis","DTi_Ti",21.12279643,1300,27459.63536
"05.12.2019",3,3,"pairs",2,"DTi3","Dunaliella_Tisochrysis","DTi",3,"Dunaliella","DTi_D",85.02895048,406.25,34543.01113
"05.12.2019",3,3,"pairs",2,"DTi3","Dunaliella_Tisochrysis","DTi",3,"Tisochrysis","DTi_Ti",23.85367741,1175,28028.07096
"05.12.2019",3,3,"pairs",2,"ATi1","Amphidinium_Tisochrysis","ATi",1,"Amphidinium","ATi_A",360.7806675,35,12627.32336
"05.12.2019",3,3,"pairs",2,"ATi1","Amphidinium_Tisochrysis","ATi",1,"Tisochrysis","ATi_Ti",17.39726553,1575,27400.69321
"05.12.2019",3,3,"pairs",2,"ATi2","Amphidinium_Tisochrysis","ATi",2,"Amphidinium","ATi_A",321.4574645,48.75,15671.05139
"05.12.2019",3,3,"pairs",2,"ATi2","Amphidinium_Tisochrysis","ATi",2,"Tisochrysis","ATi_Ti",18.43144506,2025,37323.67625
"05.12.2019",3,3,"pairs",2,"ATi3","Amphidinium_Tisochrysis","ATi",3,"Amphidinium","ATi_A",315.8063491,33.75,10658.46428
"05.12.2019",3,3,"pairs",2,"ATi3","Amphidinium_Tisochrysis","ATi",3,"Tisochrysis","ATi_Ti",20.94998956,1850,38757.48069
"05.12.2019",3,3,"pairs",2,"TiS1","Tisochrysis_Synechococcus","TiS",1,"Tisochrysis","TiS_Ti",18.52630622,1275,23621.04043
"05.12.2019",3,3,"pairs",2,"TiS1","Tisochrysis_Synechococcus","TiS",1,"Synechococcus","TiS_S",4.519128292,5200,23499.46712
"05.12.2019",3,3,"pairs",2,"TiS2","Tisochrysis_Synechococcus","TiS",2,"Tisochrysis","TiS_Ti",23.10862387,1325,30618.92662
"05.12.2019",3,3,"pairs",2,"TiS2","Tisochrysis_Synechococcus","TiS",2,"Synechococcus","TiS_S",4.39620421,4575,20112.63426
"05.12.2019",3,3,"pairs",2,"TiS3","Tisochrysis_Synechococcus","TiS",3,"Tisochrysis","TiS_Ti",18.4457703,1300,23979.50139
"05.12.2019",3,3,"pairs",2,"TiS3","Tisochrysis_Synechococcus","TiS",3,"Synechococcus","TiS_S",4.484554622,3800,17041.30757
"05.12.2019",3,3,"communities",5,"COM1","Community","COM",1,"Amphidinium","COM_A",408.6285024,27.5,11237.28382
"05.12.2019",3,3,"communities",5,"COM1","Community","COM",1,"Tetraselmis","COM_T",217.4816839,158.75,34525.21732
"05.12.2019",3,3,"communities",5,"COM1","Community","COM",1,"Dunaliella","COM_D",61.02373459,127.5,7780.52616
"05.12.2019",3,3,"communities",5,"COM1","Community","COM",1,"Synechococcus","COM_S",4.704983721,1625,7645.598547
"05.12.2019",3,3,"communities",5,"COM1","Community","COM",1,"Tisochrysis","COM_Ti",19.7520315,535,10567.33685
"05.12.2019",3,3,"communities",5,"COM2","Community","COM",2,"Amphidinium","COM_A",406.1286216,15,6091.929324
"05.12.2019",3,3,"communities",5,"COM2","Community","COM",2,"Tetraselmis","COM_T",207.8835553,197.5,41057.00217
"05.12.2019",3,3,"communities",5,"COM2","Community","COM",2,"Dunaliella","COM_D",65.94562545,105,6924.290672
"05.12.2019",3,3,"communities",5,"COM2","Community","COM",2,"Synechococcus","COM_S",3.980069694,1900,7562.132419
"05.12.2019",3,3,"communities",5,"COM2","Community","COM",2,"Tisochrysis","COM_Ti",19.81936148,650,12882.58496
"05.12.2019",3,3,"communities",5,"COM3","Community","COM",3,"Amphidinium","COM_A",383.8520502,12.5,4798.150627
"05.12.2019",3,3,"communities",5,"COM3","Community","COM",3,"Tetraselmis","COM_T",233.5780956,188.75,44087.86554
"05.12.2019",3,3,"communities",5,"COM3","Community","COM",3,"Dunaliella","COM_D",69.75552529,112.5,7847.496595
"05.12.2019",3,3,"communities",5,"COM3","Community","COM",3,"Synechococcus","COM_S",3.961625314,1675,6635.722401
"05.12.2019",3,3,"communities",5,"COM3","Community","COM",3,"Tisochrysis","COM_Ti",23.94194777,538.75,12898.72436
"05.12.2019",3,3,"communities",5,"COM4","Community","COM",4,"Amphidinium","COM_A",328.6208033,20,6572.416066
"05.12.2019",3,3,"communities",5,"COM4","Community","COM",4,"Tetraselmis","COM_T",233.5351652,187.5,43787.84347
"05.12.2019",3,3,"communities",5,"COM4","Community","COM",4,"Dunaliella","COM_D",70.85432083,92.5,6554.024677
"05.12.2019",3,3,"communities",5,"COM4","Community","COM",4,"Synechococcus","COM_S",3.953408037,1650,6523.123262
"05.12.2019",3,3,"communities",5,"COM4","Community","COM",4,"Tisochrysis","COM_Ti",17.37511188,651.25,11315.54161
"05.12.2019",3,3,"communities",5,"COM5","Community","COM",5,"Amphidinium","COM_A",313.7157333,12.5,3921.446667
"05.12.2019",3,3,"communities",5,"COM5","Community","COM",5,"Tetraselmis","COM_T",239.3008593,141.25,33801.24638
"05.12.2019",3,3,"communities",5,"COM5","Community","COM",5,"Dunaliella","COM_D",66.69621903,98.75,6586.251629
"05.12.2019",3,3,"communities",5,"COM5","Community","COM",5,"Synechococcus","COM_S",4.773448954,1775,8472.871894
"05.12.2019",3,3,"communities",5,"COM5","Community","COM",5,"Tisochrysis","COM_Ti",22.57040817,577.5,13034.41072
"06.12.2019",4,4,"monocultures",1,"A1","Amphidinium","A",1,"Amphidinium","A",382.4516431,117.5,44938.06806
"06.12.2019",4,4,"monocultures",1,"A2","Amphidinium","A",2,"Amphidinium","A",358.880575,130,46654.47475
"06.12.2019",4,4,"monocultures",1,"A3","Amphidinium","A",3,"Amphidinium","A",370.8331949,97.5,36156.2365
"06.12.2019",4,4,"monocultures",1,"T1","Tetraselmis","T",1,"Tetraselmis","T",214.3100801,738.75,158321.5717
"06.12.2019",4,4,"monocultures",1,"T2","Tetraselmis","T",2,"Tetraselmis","T",200.5744137,686.25,137644.1914
"06.12.2019",4,4,"monocultures",1,"T3","Tetraselmis","T",3,"Tetraselmis","T",199.1254422,718.75,143121.4116
"06.12.2019",4,4,"monocultures",1,"D1","Dunaliella","D",1,"Dunaliella","D",87.56175424,745,65233.50691
"06.12.2019",4,4,"monocultures",1,"D2","Dunaliella","D",2,"Dunaliella","D",84.39101654,763.75,64453.63888
"06.12.2019",4,4,"monocultures",1,"D3","Dunaliella","D",3,"Dunaliella","D",92.6757726,685,63482.90423
"06.12.2019",4,4,"monocultures",1,"S1","Synechococcus","S",1,"Synechococcus","S",5.030546306,12100,60869.6103
"06.12.2019",4,4,"monocultures",1,"S2","Synechococcus","S",2,"Synechococcus","S",5.104109639,12875,65715.4116
"06.12.2019",4,4,"monocultures",1,"S3","Synechococcus","S",3,"Synechococcus","S",5.654620058,11450,64745.39966
"06.12.2019",4,4,"monocultures",1,"Ti1","Tisochrysis","Ti",1,"Tisochrysis","Ti",26.20392611,4200,110056.4897
"06.12.2019",4,4,"monocultures",1,"Ti2","Tisochrysis","Ti",2,"Tisochrysis","Ti",25.15762584,3875,97485.80012
"06.12.2019",4,4,"monocultures",1,"Ti3","Tisochrysis","Ti",3,"Tisochrysis","Ti",23.76364147,3775,89707.74653
"06.12.2019",4,4,"pairs",2,"DA1","Dunaliella-Amphidinium","DA",1,"Dunaliella","DA_D",75.65036077,502.5,38014.30629
"06.12.2019",4,4,"pairs",2,"DA1","Dunaliella-Amphidinium","DA",1,"Amphidinium","DA_A",381.7579493,71.25,27200.25389
"06.12.2019",4,4,"pairs",2,"DA2","Dunaliella-Amphidinium","DA",2,"Dunaliella","DA_D",73.72581649,467.5,34466.81921
"06.12.2019",4,4,"pairs",2,"DA2","Dunaliella-Amphidinium","DA",2,"Amphidinium","DA_A",383.1224831,82.5,31607.60486
"06.12.2019",4,4,"pairs",2,"DA3","Dunaliella-Amphidinium","DA",3,"Dunaliella","DA_D",69.24197557,525,36352.03718
"06.12.2019",4,4,"pairs",2,"DA3","Dunaliella-Amphidinium","DA",3,"Amphidinium","DA_A",350.7538467,87.5,30690.96159
"06.12.2019",4,4,"pairs",2,"DS1","Dunaliella-Synechococcus","DS",1,"Dunaliella","DS_D",71.85998535,525,37726.49231
"06.12.2019",4,4,"pairs",2,"DS1","Dunaliella-Synechococcus","DS",1,"Synechococcus","DS_S",4.53521373,7800,35374.66709
"06.12.2019",4,4,"pairs",2,"DS2","Dunaliella-Synechococcus","DS",2,"Dunaliella","DS_D",74.12009647,548.75,40673.40294
"06.12.2019",4,4,"pairs",2,"DS2","Dunaliella-Synechococcus","DS",2,"Synechococcus","DS_S",3.933805663,7050,27733.32992
"06.12.2019",4,4,"pairs",2,"DS3","Dunaliella-Synechococcus","DS",3,"Dunaliella","DS_D",67.83146105,616.25,41801.13788
"06.12.2019",4,4,"pairs",2,"DS3","Dunaliella-Synechococcus","DS",3,"Synechococcus","DS_S",4.251427174,7400,31460.56109
"06.12.2019",4,4,"pairs",2,"SA1","Synechococcus-Amphidinium","SA",1,"Amphidinium","SA_A",362.5523455,70,25378.66418
"06.12.2019",4,4,"pairs",2,"SA1","Synechococcus-Amphidinium","SA",1,"Synechococcus","SA_S",4.426790234,9450,41833.16771
"06.12.2019",4,4,"pairs",2,"SA2","Synechococcus-Amphidinium","SA",2,"Amphidinium","SA_A",329.1635225,90,29624.71702
"06.12.2019",4,4,"pairs",2,"SA2","Synechococcus-Amphidinium","SA",2,"Synechococcus","SA_S",4.757120158,8000,38056.96126
"06.12.2019",4,4,"pairs",2,"SA3","Synechococcus-Amphidinium","SA",3,"Amphidinium","SA_A",340.8272943,68.75,23431.87648
"06.12.2019",4,4,"pairs",2,"SA3","Synechococcus-Amphidinium","SA",3,"Synechococcus","SA_S",4.241234372,10000,42412.34372
"06.12.2019",4,4,"pairs",2,"TA1","Tetraselmis-Amphidinium","TA",1,"Amphidinium","TA_A",367.1566277,61.25,22488.34345
"06.12.2019",4,4,"pairs",2,"TA1","Tetraselmis-Amphidinium","TA",1,"Tetraselmis","TA_T",234.5385927,518.75,121666.895
"06.12.2019",4,4,"pairs",2,"TA2","Tetraselmis-Amphidinium","TA",2,"Amphidinium","TA_A",367.4019297,38.75,14236.82478
"06.12.2019",4,4,"pairs",2,"TA2","Tetraselmis-Amphidinium","TA",2,"Tetraselmis","TA_T",204.4787181,482.5,98660.9815
"06.12.2019",4,4,"pairs",2,"TA3","Tetraselmis-Amphidinium","TA",3,"Amphidinium","TA_A",363.5526389,46.25,16814.30955
"06.12.2019",4,4,"pairs",2,"TA3","Tetraselmis-Amphidinium","TA",3,"Tetraselmis","TA_T",201.3822827,490,98677.31854
"06.12.2019",4,4,"pairs",2,"TD1","Tetraselmis_Dunaliella","TD",1,"Tetraselmis","TD_T",184.5921197,433.75,80066.8319
"06.12.2019",4,4,"pairs",2,"TD1","Tetraselmis_Dunaliella","TD",1,"Dunaliella","TD_D",62.52709997,271.25,16960.47587
"06.12.2019",4,4,"pairs",2,"TD2","Tetraselmis_Dunaliella","TD",2,"Tetraselmis","TD_T",237.2575368,415,98461.87778
"06.12.2019",4,4,"pairs",2,"TD2","Tetraselmis_Dunaliella","TD",2,"Dunaliella","TD_D",62.14721657,310,19265.63714
"06.12.2019",4,4,"pairs",2,"TD3","Tetraselmis_Dunaliella","TD",3,"Tetraselmis","TD_T",212.085159,418.75,88810.66033
"06.12.2019",4,4,"pairs",2,"TD3","Tetraselmis_Dunaliella","TD",3,"Dunaliella","TD_D",68.15342145,293.75,20020.06755
"06.12.2019",4,4,"pairs",2,"TS1","Tetraselmis_Synechococcus","TS",1,"Tetraselmis","TS_T",173.9371476,480,83489.83083
"06.12.2019",4,4,"pairs",2,"TS1","Tetraselmis_Synechococcus","TS",1,"Synechococcus","TS_S",4.10416932,6125,25138.03708
"06.12.2019",4,4,"pairs",2,"TS2","Tetraselmis_Synechococcus","TS",2,"Tetraselmis","TS_T",226.2157571,506.25,114521.727
"06.12.2019",4,4,"pairs",2,"TS2","Tetraselmis_Synechococcus","TS",2,"Synechococcus","TS_S",4.895216875,5450,26678.93197
"06.12.2019",4,4,"pairs",2,"TS3","Tetraselmis_Synechococcus","TS",3,"Tetraselmis","TS_T",177.6517238,477.5,84828.69809
"06.12.2019",4,4,"pairs",2,"TS3","Tetraselmis_Synechococcus","TS",3,"Synechococcus","TS_S",3.895410526,7450,29020.80842
"06.12.2019",4,4,"pairs",2,"TTi1","Tetraselmis_Tisochrysis","TTi",1,"Tetraselmis","TTi_T",267.7332245,487.5,130519.9469
"06.12.2019",4,4,"pairs",2,"TTi1","Tetraselmis_Tisochrysis","TTi",1,"Tisochrysis","TTi_Ti",21.23800693,875,18583.25607
"06.12.2019",4,4,"pairs",2,"TTi2","Tetraselmis_Tisochrysis","TTi",2,"Tetraselmis","TTi_T",245.5107627,470,115390.0585
"06.12.2019",4,4,"pairs",2,"TTi2","Tetraselmis_Tisochrysis","TTi",2,"Tisochrysis","TTi_Ti",25.79295756,850,21924.01393
"06.12.2019",4,4,"pairs",2,"TTi3","Tetraselmis_Tisochrysis","TTi",3,"Tetraselmis","TTi_T",213.1332117,455,96975.61134
"06.12.2019",4,4,"pairs",2,"TTi3","Tetraselmis_Tisochrysis","TTi",3,"Tisochrysis","TTi_Ti",24.08230742,1225,29500.82659
"06.12.2019",4,4,"pairs",2,"DTi1","Dunaliella_Tisochrysis","DTi",1,"Dunaliella","DTi_D",74.05051601,582.5,43134.42558
"06.12.2019",4,4,"pairs",2,"DTi1","Dunaliella_Tisochrysis","DTi",1,"Tisochrysis","DTi_Ti",17.44197707,1825,31831.60815
"06.12.2019",4,4,"pairs",2,"DTi2","Dunaliella_Tisochrysis","DTi",2,"Dunaliella","DTi_D",79.98268147,415,33192.81281
"06.12.2019",4,4,"pairs",2,"DTi2","Dunaliella_Tisochrysis","DTi",2,"Tisochrysis","DTi_Ti",17.96264861,1725,30985.56885
"06.12.2019",4,4,"pairs",2,"DTi3","Dunaliella_Tisochrysis","DTi",3,"Dunaliella","DTi_D",65.32901285,468.75,30622.97478
"06.12.2019",4,4,"pairs",2,"DTi3","Dunaliella_Tisochrysis","DTi",3,"Tisochrysis","DTi_Ti",18.59646362,1400,26035.04907
"06.12.2019",4,4,"pairs",2,"ATi1","Amphidinium_Tisochrysis","ATi",1,"Amphidinium","ATi_A",346.859696,56.25,19510.8579
"06.12.2019",4,4,"pairs",2,"ATi1","Amphidinium_Tisochrysis","ATi",1,"Tisochrysis","ATi_Ti",19.95578252,2800,55876.19106
"06.12.2019",4,4,"pairs",2,"ATi2","Amphidinium_Tisochrysis","ATi",2,"Amphidinium","ATi_A",350.9768252,55,19303.72538
"06.12.2019",4,4,"pairs",2,"ATi2","Amphidinium_Tisochrysis","ATi",2,"Tisochrysis","ATi_Ti",22.92315334,2725,62465.59285
"06.12.2019",4,4,"pairs",2,"ATi3","Amphidinium_Tisochrysis","ATi",3,"Amphidinium","ATi_A",358.6435702,53.75,19277.0919
"06.12.2019",4,4,"pairs",2,"ATi3","Amphidinium_Tisochrysis","ATi",3,"Tisochrysis","ATi_Ti",25.57362797,2400,61376.70714
"06.12.2019",4,4,"pairs",2,"TiS1","Tisochrysis_Synechococcus","TiS",1,"Tisochrysis","TiS_Ti",23.65043108,1600,37840.68973
"06.12.2019",4,4,"pairs",2,"TiS1","Tisochrysis_Synechococcus","TiS",1,"Synechococcus","TiS_S",4.164337898,6700,27901.06392
"06.12.2019",4,4,"pairs",2,"TiS2","Tisochrysis_Synechococcus","TiS",2,"Tisochrysis","TiS_Ti",24.19969138,1575,38114.51392
"06.12.2019",4,4,"pairs",2,"TiS2","Tisochrysis_Synechococcus","TiS",2,"Synechococcus","TiS_S",4.701676726,8600,40434.41985
"06.12.2019",4,4,"pairs",2,"TiS3","Tisochrysis_Synechococcus","TiS",3,"Tisochrysis","TiS_Ti",25.63445139,1375,35247.37067
"06.12.2019",4,4,"pairs",2,"TiS3","Tisochrysis_Synechococcus","TiS",3,"Synechococcus","TiS_S",4.129905726,5525,22817.72914
"06.12.2019",4,4,"communities",5,"COM1","Community","COM",1,"Amphidinium","COM_A",367.7621365,35,12871.67478
"06.12.2019",4,4,"communities",5,"COM1","Community","COM",1,"Tetraselmis","COM_T",218.8792439,227.5,49795.02799
"06.12.2019",4,4,"communities",5,"COM1","Community","COM",1,"Dunaliella","COM_D",60.36638891,170,10262.28612
"06.12.2019",4,4,"communities",5,"COM1","Community","COM",1,"Synechococcus","COM_S",4.265576317,3250,13863.12303
"06.12.2019",4,4,"communities",5,"COM1","Community","COM",1,"Tisochrysis","COM_Ti",28.34477232,475,13463.76685
"06.12.2019",4,4,"communities",5,"COM2","Community","COM",2,"Amphidinium","COM_A",380.4868627,22.5,8560.95441
"06.12.2019",4,4,"communities",5,"COM2","Community","COM",2,"Tetraselmis","COM_T",242.2616576,200,48452.33152
"06.12.2019",4,4,"communities",5,"COM2","Community","COM",2,"Dunaliella","COM_D",68.26031254,185,12628.15782
"06.12.2019",4,4,"communities",5,"COM2","Community","COM",2,"Synechococcus","COM_S",4.218469797,2375,10018.86577
"06.12.2019",4,4,"communities",5,"COM2","Community","COM",2,"Tisochrysis","COM_Ti",19.93484512,550,10964.16482
"06.12.2019",4,4,"communities",5,"COM3","Community","COM",3,"Amphidinium","COM_A",382.734034,22.5,8611.515765
"06.12.2019",4,4,"communities",5,"COM3","Community","COM",3,"Tetraselmis","COM_T",202.7038427,270,54730.03753
"06.12.2019",4,4,"communities",5,"COM3","Community","COM",3,"Dunaliella","COM_D",61.80911303,113.75,7030.786607
"06.12.2019",4,4,"communities",5,"COM3","Community","COM",3,"Synechococcus","COM_S",4.212440394,2325,9793.923917
"06.12.2019",4,4,"communities",5,"COM3","Community","COM",3,"Tisochrysis","COM_Ti",22.12650939,350,7744.278286
"06.12.2019",4,4,"communities",5,"COM4","Community","COM",4,"Amphidinium","COM_A",377.4780046,31.25,11796.18764
"06.12.2019",4,4,"communities",5,"COM4","Community","COM",4,"Tetraselmis","COM_T",201.2195754,286.25,57599.10344
"06.12.2019",4,4,"communities",5,"COM4","Community","COM",4,"Dunaliella","COM_D",78.72747519,130,10234.57178
"06.12.2019",4,4,"communities",5,"COM4","Community","COM",4,"Synechococcus","COM_S",4.458322173,3150,14043.71485
"06.12.2019",4,4,"communities",5,"COM4","Community","COM",4,"Tisochrysis","COM_Ti",21.81696299,600,13090.17779
"06.12.2019",4,4,"communities",5,"COM5","Community","COM",5,"Amphidinium","COM_A",339.1378868,12.5,4239.223585
"06.12.2019",4,4,"communities",5,"COM5","Community","COM",5,"Tetraselmis","COM_T",237.3560447,268.75,63789.43702
"06.12.2019",4,4,"communities",5,"COM5","Community","COM",5,"Dunaliella","COM_D",78.07323739,107.5,8392.87302
"06.12.2019",4,4,"communities",5,"COM5","Community","COM",5,"Synechococcus","COM_S",4.51169337,2450,11053.64876
"06.12.2019",4,4,"communities",5,"COM5","Community","COM",5,"Tisochrysis","COM_Ti",27.00014878,625,16875.09299
"08.12.2019",6,6,"monocultures",1,"A1","Amphidinium","A",1,"Amphidinium","A",374.9211479,125,46865.14349
"08.12.2019",6,6,"monocultures",1,"A2","Amphidinium","A",2,"Amphidinium","A",373.6574757,153.75,57449.83689
"08.12.2019",6,6,"monocultures",1,"A3","Amphidinium","A",3,"Amphidinium","A",367.8036499,156.25,57469.32029
"08.12.2019",6,6,"monocultures",1,"T1","Tetraselmis","T",1,"Tetraselmis","T",229.8143653,717.5,164891.8071
"08.12.2019",6,6,"monocultures",1,"T2","Tetraselmis","T",2,"Tetraselmis","T",187.7425779,821.25,154183.5921
"08.12.2019",6,6,"monocultures",1,"T3","Tetraselmis","T",3,"Tetraselmis","T",189.2717809,716.25,135565.9131
"08.12.2019",6,6,"monocultures",1,"D1","Dunaliella","D",1,"Dunaliella","D",85.98241208,1105,95010.56535
"08.12.2019",6,6,"monocultures",1,"D2","Dunaliella","D",2,"Dunaliella","D",86.2819518,1041.25,89841.08231
"08.12.2019",6,6,"monocultures",1,"D3","Dunaliella","D",3,"Dunaliella","D",93.05662701,1160,107945.6873
"08.12.2019",6,6,"monocultures",1,"S1","Synechococcus","S",1,"Synechococcus","S",5.458755015,21125,115316.1997
"08.12.2019",6,6,"monocultures",1,"S2","Synechococcus","S",2,"Synechococcus","S",4.264571767,17100,72924.17721
"08.12.2019",6,6,"monocultures",1,"S3","Synechococcus","S",3,"Synechococcus","S",5.387673059,17775,95765.88862
"08.12.2019",6,6,"monocultures",1,"Ti1","Tisochrysis","Ti",1,"Tisochrysis","Ti",28.64892633,5125,146825.7474
"08.12.2019",6,6,"monocultures",1,"Ti2","Tisochrysis","Ti",2,"Tisochrysis","Ti",23.61451118,5550,131060.5371
"08.12.2019",6,6,"monocultures",1,"Ti3","Tisochrysis","Ti",3,"Tisochrysis","Ti",26.24326374,4825,126623.7475
"08.12.2019",6,6,"pairs",2,"DA1","Dunaliella-Amphidinium","DA",1,"Dunaliella","DA_D",68.38688973,653.75,44707.92916
"08.12.2019",6,6,"pairs",2,"DA1","Dunaliella-Amphidinium","DA",1,"Amphidinium","DA_A",324.859,126.25,41013.44875
"08.12.2019",6,6,"pairs",2,"DA2","Dunaliella-Amphidinium","DA",2,"Dunaliella","DA_D",70.74111594,677.5,47927.10605
"08.12.2019",6,6,"pairs",2,"DA2","Dunaliella-Amphidinium","DA",2,"Amphidinium","DA_A",343.3583616,133.75,45924.18087
"08.12.2019",6,6,"pairs",2,"DA3","Dunaliella-Amphidinium","DA",3,"Dunaliella","DA_D",73.26299676,631.25,46247.2667
"08.12.2019",6,6,"pairs",2,"DA3","Dunaliella-Amphidinium","DA",3,"Amphidinium","DA_A",340.4991661,131.25,44690.51555
"08.12.2019",6,6,"pairs",2,"DS1","Dunaliella-Synechococcus","DS",1,"Dunaliella","DS_D",77.18262102,722.5,55764.44369
"08.12.2019",6,6,"pairs",2,"DS1","Dunaliella-Synechococcus","DS",1,"Synechococcus","DS_S",4.398489936,17825,78403.08312
"08.12.2019",6,6,"pairs",2,"DS2","Dunaliella-Synechococcus","DS",2,"Dunaliella","DS_D",84.03134747,477.5,40124.96842
"08.12.2019",6,6,"pairs",2,"DS2","Dunaliella-Synechococcus","DS",2,"Synechococcus","DS_S",3.733960583,12050,44994.22502
"08.12.2019",6,6,"pairs",2,"DS3","Dunaliella-Synechococcus","DS",3,"Dunaliella","DS_D",81.56749119,407.5,33238.75266
"08.12.2019",6,6,"pairs",2,"DS3","Dunaliella-Synechococcus","DS",3,"Synechococcus","DS_S",4.441544469,12500,55519.30586
"08.12.2019",6,6,"pairs",2,"SA1","Synechococcus-Amphidinium","SA",1,"Amphidinium","SA_A",373.1678307,82.5,30786.34603
"08.12.2019",6,6,"pairs",2,"SA1","Synechococcus-Amphidinium","SA",1,"Synechococcus","SA_S",4.689136711,12725,59669.26465
"08.12.2019",6,6,"pairs",2,"SA2","Synechococcus-Amphidinium","SA",2,"Amphidinium","SA_A",370.157154,111.25,41179.98338
"08.12.2019",6,6,"pairs",2,"SA2","Synechococcus-Amphidinium","SA",2,"Synechococcus","SA_S",4.038185939,10075,40684.72334
"08.12.2019",6,6,"pairs",2,"SA3","Synechococcus-Amphidinium","SA",3,"Amphidinium","SA_A",328.8354769,86.25,28362.05989
"08.12.2019",6,6,"pairs",2,"SA3","Synechococcus-Amphidinium","SA",3,"Synechococcus","SA_S",4.577960995,11800,54019.93974
"08.12.2019",6,6,"pairs",2,"TA1","Tetraselmis-Amphidinium","TA",1,"Amphidinium","TA_A",351.4972868,73.75,25922.9249
"08.12.2019",6,6,"pairs",2,"TA1","Tetraselmis-Amphidinium","TA",1,"Tetraselmis","TA_T",251.8344535,505,127176.399
"08.12.2019",6,6,"pairs",2,"TA2","Tetraselmis-Amphidinium","TA",2,"Amphidinium","TA_A",388.1447148,71.25,27655.31093
"08.12.2019",6,6,"pairs",2,"TA2","Tetraselmis-Amphidinium","TA",2,"Tetraselmis","TA_T",278.2855632,473.75,131837.7856
"08.12.2019",6,6,"pairs",2,"TA3","Tetraselmis-Amphidinium","TA",3,"Amphidinium","TA_A",332.6257394,75,24946.93046
"08.12.2019",6,6,"pairs",2,"TA3","Tetraselmis-Amphidinium","TA",3,"Tetraselmis","TA_T",232.6902558,427.5,99475.08436
"08.12.2019",6,6,"pairs",2,"TD1","Tetraselmis_Dunaliella","TD",1,"Tetraselmis","TD_T",263.1605718,448.75,118093.3066
"08.12.2019",6,6,"pairs",2,"TD1","Tetraselmis_Dunaliella","TD",1,"Dunaliella","TD_D",67.31049467,333.75,22464.8776
"08.12.2019",6,6,"pairs",2,"TD2","Tetraselmis_Dunaliella","TD",2,"Tetraselmis","TD_T",255.0533383,521.25,132946.5526
"08.12.2019",6,6,"pairs",2,"TD2","Tetraselmis_Dunaliella","TD",2,"Dunaliella","TD_D",61.53139282,381.25,23458.84351
"08.12.2019",6,6,"pairs",2,"TD3","Tetraselmis_Dunaliella","TD",3,"Tetraselmis","TD_T",252.6164932,510,128834.4115
"08.12.2019",6,6,"pairs",2,"TD3","Tetraselmis_Dunaliella","TD",3,"Dunaliella","TD_D",78.5500204,463.75,36427.57196
"08.12.2019",6,6,"pairs",2,"TS1","Tetraselmis_Synechococcus","TS",1,"Tetraselmis","TS_T",209.1909922,308.75,64587.71883
"08.12.2019",6,6,"pairs",2,"TS1","Tetraselmis_Synechococcus","TS",1,"Synechococcus","TS_S",5.240210433,8000,41921.68346
"08.12.2019",6,6,"pairs",2,"TS2","Tetraselmis_Synechococcus","TS",2,"Tetraselmis","TS_T",245.1662159,350,85808.17557
"08.12.2019",6,6,"pairs",2,"TS2","Tetraselmis_Synechococcus","TS",2,"Synechococcus","TS_S",4.677192923,7425,34728.15746
"08.12.2019",6,6,"pairs",2,"TS3","Tetraselmis_Synechococcus","TS",3,"Tetraselmis","TS_T",221.9674399,372.5,82682.87135
"08.12.2019",6,6,"pairs",2,"TS3","Tetraselmis_Synechococcus","TS",3,"Synechococcus","TS_S",4.646333661,8375,38913.04441
"08.12.2019",6,6,"pairs",2,"TTi1","Tetraselmis_Tisochrysis","TTi",1,"Tetraselmis","TTi_T",244.7845137,861.25,210820.6624
"08.12.2019",6,6,"pairs",2,"TTi1","Tetraselmis_Tisochrysis","TTi",1,"Tisochrysis","TTi_Ti",21.84930538,850,18571.90958
"08.12.2019",6,6,"pairs",2,"TTi2","Tetraselmis_Tisochrysis","TTi",2,"Tetraselmis","TTi_T",284.1409759,640,181850.2246
"08.12.2019",6,6,"pairs",2,"TTi2","Tetraselmis_Tisochrysis","TTi",2,"Tisochrysis","TTi_Ti",24.66374161,725,17881.21267
"08.12.2019",6,6,"pairs",2,"TTi3","Tetraselmis_Tisochrysis","TTi",3,"Tetraselmis","TTi_T",264.0645906,752.5,198708.6045
"08.12.2019",6,6,"pairs",2,"TTi3","Tetraselmis_Tisochrysis","TTi",3,"Tisochrysis","TTi_Ti",18.06002245,775,13996.5174
"08.12.2019",6,6,"pairs",2,"DTi1","Dunaliella_Tisochrysis","DTi",1,"Dunaliella","DTi_D",61.31523736,580,35562.83767
"08.12.2019",6,6,"pairs",2,"DTi1","Dunaliella_Tisochrysis","DTi",1,"Tisochrysis","DTi_Ti",28.68108186,1925,55211.08258
"08.12.2019",6,6,"pairs",2,"DTi2","Dunaliella_Tisochrysis","DTi",2,"Dunaliella","DTi_D",65.53574242,820,53739.30878
"08.12.2019",6,6,"pairs",2,"DTi2","Dunaliella_Tisochrysis","DTi",2,"Tisochrysis","DTi_Ti",28.45356401,2325,66154.53631
"08.12.2019",6,6,"pairs",2,"DTi3","Dunaliella_Tisochrysis","DTi",3,"Dunaliella","DTi_D",67.33964507,726.25,48905.41723
"08.12.2019",6,6,"pairs",2,"DTi3","Dunaliella_Tisochrysis","DTi",3,"Tisochrysis","DTi_Ti",22.07365917,2100,46354.68425
"08.12.2019",6,6,"pairs",2,"ATi1","Amphidinium_Tisochrysis","ATi",1,"Amphidinium","ATi_A",349.675219,98.75,34530.42788
"08.12.2019",6,6,"pairs",2,"ATi1","Amphidinium_Tisochrysis","ATi",1,"Tisochrysis","ATi_Ti",23.02619745,2875,66200.31768
"08.12.2019",6,6,"pairs",2,"ATi2","Amphidinium_Tisochrysis","ATi",2,"Amphidinium","ATi_A",382.702553,86.25,33008.09519
"08.12.2019",6,6,"pairs",2,"ATi2","Amphidinium_Tisochrysis","ATi",2,"Tisochrysis","ATi_Ti",20.20581854,3225,65163.76479
"08.12.2019",6,6,"pairs",2,"ATi3","Amphidinium_Tisochrysis","ATi",3,"Amphidinium","ATi_A",318.2468759,157.5,50123.88296
"08.12.2019",6,6,"pairs",2,"ATi3","Amphidinium_Tisochrysis","ATi",3,"Tisochrysis","ATi_Ti",22.61729977,2475,55977.81692
"08.12.2019",6,6,"pairs",2,"TiS1","Tisochrysis_Synechococcus","TiS",1,"Tisochrysis","TiS_Ti",23.84359565,2225,53052.00033
"08.12.2019",6,6,"pairs",2,"TiS1","Tisochrysis_Synechococcus","TiS",1,"Synechococcus","TiS_S",4.602800176,10625,48904.75187
"08.12.2019",6,6,"pairs",2,"TiS2","Tisochrysis_Synechococcus","TiS",2,"Tisochrysis","TiS_Ti",24.92785123,1625,40507.75825
"08.12.2019",6,6,"pairs",2,"TiS2","Tisochrysis_Synechococcus","TiS",2,"Synechococcus","TiS_S",4.613782144,8825,40716.62742
"08.12.2019",6,6,"pairs",2,"TiS3","Tisochrysis_Synechococcus","TiS",3,"Tisochrysis","TiS_Ti",23.51629213,1875,44093.04774
"08.12.2019",6,6,"pairs",2,"TiS3","Tisochrysis_Synechococcus","TiS",3,"Synechococcus","TiS_S",4.823776773,8800,42449.2356
"08.12.2019",6,6,"communities",5,"COM1","Community","COM",1,"Amphidinium","COM_A",353.2964208,57.5,20314.54419
"08.12.2019",6,6,"communities",5,"COM1","Community","COM",1,"Tetraselmis","COM_T",265.5348577,348.75,92605.28161
"08.12.2019",6,6,"communities",5,"COM1","Community","COM",1,"Dunaliella","COM_D",66.07233785,227.5,15031.45686
"08.12.2019",6,6,"communities",5,"COM1","Community","COM",1,"Synechococcus","COM_S",4.389012539,4400,19311.65517
"08.12.2019",6,6,"communities",5,"COM1","Community","COM",1,"Tisochrysis","COM_Ti",23.06185586,581.25,13404.70372
"08.12.2019",6,6,"communities",5,"COM2","Community","COM",2,"Amphidinium","COM_A",336.968964,38.75,13057.54736
"08.12.2019",6,6,"communities",5,"COM2","Community","COM",2,"Tetraselmis","COM_T",286.2989385,341.25,97699.51275
"08.12.2019",6,6,"communities",5,"COM2","Community","COM",2,"Dunaliella","COM_D",75.29983717,176.25,13271.5963
"08.12.2019",6,6,"communities",5,"COM2","Community","COM",2,"Synechococcus","COM_S",5.177739273,3950,20452.07013
"08.12.2019",6,6,"communities",5,"COM2","Community","COM",2,"Tisochrysis","COM_Ti",22.89241577,541.25,12390.52004
"08.12.2019",6,6,"communities",5,"COM3","Community","COM",3,"Amphidinium","COM_A",392.4416153,43.75,17169.32067
"08.12.2019",6,6,"communities",5,"COM3","Community","COM",3,"Tetraselmis","COM_T",287.6554161,385,110747.3352
"08.12.2019",6,6,"communities",5,"COM3","Community","COM",3,"Dunaliella","COM_D",71.76970984,182.5,13097.97205
"08.12.2019",6,6,"communities",5,"COM3","Community","COM",3,"Synechococcus","COM_S",4.504655671,4400,19820.48495
"08.12.2019",6,6,"communities",5,"COM3","Community","COM",3,"Tisochrysis","COM_Ti",22.06832832,486.25,10730.72464
"08.12.2019",6,6,"communities",5,"COM4","Community","COM",4,"Amphidinium","COM_A",363.9001546,85,30931.51314
"08.12.2019",6,6,"communities",5,"COM4","Community","COM",4,"Tetraselmis","COM_T",262.9635883,540,142000.3377
"08.12.2019",6,6,"communities",5,"COM4","Community","COM",4,"Dunaliella","COM_D",75.95805245,276.25,20983.41199
"08.12.2019",6,6,"communities",5,"COM4","Community","COM",4,"Synechococcus","COM_S",4.494758031,4600,20675.88694
"08.12.2019",6,6,"communities",5,"COM4","Community","COM",4,"Tisochrysis","COM_Ti",20.31722855,675,13714.12927
"08.12.2019",6,6,"communities",5,"COM5","Community","COM",5,"Amphidinium","COM_A",437.9116185,41.25,18063.85426
"08.12.2019",6,6,"communities",5,"COM5","Community","COM",5,"Tetraselmis","COM_T",239.1290129,375,89673.37985
"08.12.2019",6,6,"communities",5,"COM5","Community","COM",5,"Dunaliella","COM_D",74.74901211,175,13081.07712
"08.12.2019",6,6,"communities",5,"COM5","Community","COM",5,"Synechococcus","COM_S",5.072075542,4675,23711.95316
"08.12.2019",6,6,"communities",5,"COM5","Community","COM",5,"Tisochrysis","COM_Ti",22.7284605,536.25,12188.13694
"10.12.2019",8,8,"monocultures",1,"A1","Amphidinium","A",1,"Amphidinium","A",427.938581,228.75,97890.95039
"10.12.2019",8,8,"monocultures",1,"A2","Amphidinium","A",2,"Amphidinium","A",446.7866059,190,84889.45511
"10.12.2019",8,8,"monocultures",1,"A3","Amphidinium","A",3,"Amphidinium","A",403.291425,253.75,102335.1991
"10.12.2019",8,8,"monocultures",1,"T1","Tetraselmis","T",1,"Tetraselmis","T",237.4478226,727.5,172743.291
"10.12.2019",8,8,"monocultures",1,"T2","Tetraselmis","T",2,"Tetraselmis","T",261.6387937,868.75,227298.7021
"10.12.2019",8,8,"monocultures",1,"T3","Tetraselmis","T",3,"Tetraselmis","T",229.6030644,937.5,215252.8729
"10.12.2019",8,8,"monocultures",1,"D1","Dunaliella","D",1,"Dunaliella","D",82.1127883,1377.5,113110.3659
"10.12.2019",8,8,"monocultures",1,"D2","Dunaliella","D",2,"Dunaliella","D",86.86073718,1581.25,137348.5407
"10.12.2019",8,8,"monocultures",1,"D3","Dunaliella","D",3,"Dunaliella","D",74.65307775,1370,102274.7165
"10.12.2019",8,8,"monocultures",1,"S1","Synechococcus","S",1,"Synechococcus","S",4.130463197,28300,116892.1085
"10.12.2019",8,8,"monocultures",1,"S2","Synechococcus","S",2,"Synechococcus","S",4.255285324,24475,104148.1083
"10.12.2019",8,8,"monocultures",1,"S3","Synechococcus","S",3,"Synechococcus","S",4.201871997,24250,101895.3959
"10.12.2019",8,8,"monocultures",1,"Ti1","Tisochrysis","Ti",1,"Tisochrysis","Ti",20.81711017,5900,122820.95
"10.12.2019",8,8,"monocultures",1,"Ti2","Tisochrysis","Ti",2,"Tisochrysis","Ti",25.63846188,6375,163445.1945
"10.12.2019",8,8,"monocultures",1,"Ti3","Tisochrysis","Ti",3,"Tisochrysis","Ti",24.1942828,5375,130044.2701
"10.12.2019",8,8,"pairs",2,"DA1","Dunaliella-Amphidinium","DA",1,"Dunaliella","DA_D",76.07271964,1076.25,81873.26452
"10.12.2019",8,8,"pairs",2,"DA1","Dunaliella-Amphidinium","DA",1,"Amphidinium","DA_A",409.6342613,277.5,113673.5075
"10.12.2019",8,8,"pairs",2,"DA2","Dunaliella-Amphidinium","DA",2,"Dunaliella","DA_D",84.56369454,790,66805.31869
"10.12.2019",8,8,"pairs",2,"DA2","Dunaliella-Amphidinium","DA",2,"Amphidinium","DA_A",369.7344267,183.75,67938.70091
"10.12.2019",8,8,"pairs",2,"DA3","Dunaliella-Amphidinium","DA",3,"Dunaliella","DA_D",75.51718232,717.5,54183.57832
"10.12.2019",8,8,"pairs",2,"DA3","Dunaliella-Amphidinium","DA",3,"Amphidinium","DA_A",368.0610755,206.25,75912.59682
"10.12.2019",8,8,"pairs",2,"DS1","Dunaliella-Synechococcus","DS",1,"Dunaliella","DS_D",81.71690159,426.25,34831.8293
"10.12.2019",8,8,"pairs",2,"DS1","Dunaliella-Synechococcus","DS",1,"Synechococcus","DS_S",4.981721879,19475,97019.03359
"10.12.2019",8,8,"pairs",2,"DS2","Dunaliella-Synechococcus","DS",2,"Dunaliella","DS_D",76.18188382,627.5,47804.1321
"10.12.2019",8,8,"pairs",2,"DS2","Dunaliella-Synechococcus","DS",2,"Synechococcus","DS_S",5.060486505,12225,61864.44753
"10.12.2019",8,8,"pairs",2,"DS3","Dunaliella-Synechococcus","DS",3,"Dunaliella","DS_D",90.93249511,400,36372.99804
"10.12.2019",8,8,"pairs",2,"DS3","Dunaliella-Synechococcus","DS",3,"Synechococcus","DS_S",5.012523865,12050,60400.91257
"10.12.2019",8,8,"pairs",2,"SA1","Synechococcus-Amphidinium","SA",1,"Amphidinium","SA_A",305.2150911,87.5,26706.32047
"10.12.2019",8,8,"pairs",2,"SA1","Synechococcus-Amphidinium","SA",1,"Synechococcus","SA_S",4.400590335,12425,54677.33491
"10.12.2019",8,8,"pairs",2,"SA2","Synechococcus-Amphidinium","SA",2,"Amphidinium","SA_A",374.4019937,113.75,42588.22678
"10.12.2019",8,8,"pairs",2,"SA2","Synechococcus-Amphidinium","SA",2,"Synechococcus","SA_S",4.472501328,9650,43159.63782
"10.12.2019",8,8,"pairs",2,"SA3","Synechococcus-Amphidinium","SA",3,"Amphidinium","SA_A",371.4106896,90,33426.96206
"10.12.2019",8,8,"pairs",2,"SA3","Synechococcus-Amphidinium","SA",3,"Synechococcus","SA_S",4.576739863,11425,52289.25294
"10.12.2019",8,8,"pairs",2,"TA1","Tetraselmis-Amphidinium","TA",1,"Amphidinium","TA_A",337.6747309,51.25,17305.82996
"10.12.2019",8,8,"pairs",2,"TA1","Tetraselmis-Amphidinium","TA",1,"Tetraselmis","TA_T",268.9310667,535,143878.1207
"10.12.2019",8,8,"pairs",2,"TA2","Tetraselmis-Amphidinium","TA",2,"Amphidinium","TA_A",352.199177,71.25,25094.19136
"10.12.2019",8,8,"pairs",2,"TA2","Tetraselmis-Amphidinium","TA",2,"Tetraselmis","TA_T",276.8310241,491.25,135993.2406
"10.12.2019",8,8,"pairs",2,"TA3","Tetraselmis-Amphidinium","TA",3,"Amphidinium","TA_A",320.390793,63.75,20424.91305
"10.12.2019",8,8,"pairs",2,"TA3","Tetraselmis-Amphidinium","TA",3,"Tetraselmis","TA_T",254.7537549,447.5,114002.3053
"10.12.2019",8,8,"pairs",2,"TD1","Tetraselmis_Dunaliella","TD",1,"Tetraselmis","TD_T",224.0229236,547.5,122652.5506
"10.12.2019",8,8,"pairs",2,"TD1","Tetraselmis_Dunaliella","TD",1,"Dunaliella","TD_D",71.5718182,317.5,22724.05228
"10.12.2019",8,8,"pairs",2,"TD2","Tetraselmis_Dunaliella","TD",2,"Tetraselmis","TD_T",275.1610353,517.5,142395.8357
"10.12.2019",8,8,"pairs",2,"TD2","Tetraselmis_Dunaliella","TD",2,"Dunaliella","TD_D",67.54459901,480,32421.40753
"10.12.2019",8,8,"pairs",2,"TD3","Tetraselmis_Dunaliella","TD",3,"Tetraselmis","TD_T",169.0248412,458.75,77540.14591
"10.12.2019",8,8,"pairs",2,"TD3","Tetraselmis_Dunaliella","TD",3,"Dunaliella","TD_D",64.8978029,472.5,30664.21187
"10.12.2019",8,8,"pairs",2,"TS1","Tetraselmis_Synechococcus","TS",1,"Tetraselmis","TS_T",278.766514,311.25,86766.0775
"10.12.2019",8,8,"pairs",2,"TS1","Tetraselmis_Synechococcus","TS",1,"Synechococcus","TS_S",4.86384984,7850,38181.22124
"10.12.2019",8,8,"pairs",2,"TS2","Tetraselmis_Synechococcus","TS",2,"Tetraselmis","TS_T",293.8536727,362.5,106521.9564
"10.12.2019",8,8,"pairs",2,"TS2","Tetraselmis_Synechococcus","TS",2,"Synechococcus","TS_S",4.305222165,7550,32504.42734
"10.12.2019",8,8,"pairs",2,"TS3","Tetraselmis_Synechococcus","TS",3,"Tetraselmis","TS_T",259.010264,377.5,97776.37467
"10.12.2019",8,8,"pairs",2,"TS3","Tetraselmis_Synechococcus","TS",3,"Synechococcus","TS_S",4.733210441,8375,39640.63745
"10.12.2019",8,8,"pairs",2,"TTi1","Tetraselmis_Tisochrysis","TTi",1,"Tetraselmis","TTi_T",261.3425155,877.5,229328.0573
"10.12.2019",8,8,"pairs",2,"TTi1","Tetraselmis_Tisochrysis","TTi",1,"Tisochrysis","TTi_Ti",21.64858707,850,18401.29901
"10.12.2019",8,8,"pairs",2,"TTi2","Tetraselmis_Tisochrysis","TTi",2,"Tetraselmis","TTi_T",263.2906732,665,175088.2977
"10.12.2019",8,8,"pairs",2,"TTi2","Tetraselmis_Tisochrysis","TTi",2,"Tisochrysis","TTi_Ti",16.25505802,700,11378.54061
"10.12.2019",8,8,"pairs",2,"TTi3","Tetraselmis_Tisochrysis","TTi",3,"Tetraselmis","TTi_T",266.6691889,771.25,205668.6119
"10.12.2019",8,8,"pairs",2,"TTi3","Tetraselmis_Tisochrysis","TTi",3,"Tisochrysis","TTi_Ti",16.64929291,775,12903.20201
"10.12.2019",8,8,"pairs",2,"DTi1","Dunaliella_Tisochrysis","DTi",1,"Dunaliella","DTi_D",70.19821697,653.75,45892.08435
"10.12.2019",8,8,"pairs",2,"DTi1","Dunaliella_Tisochrysis","DTi",1,"Tisochrysis","DTi_Ti",24.10264373,1925,46397.58918
"10.12.2019",8,8,"pairs",2,"DTi2","Dunaliella_Tisochrysis","DTi",2,"Dunaliella","DTi_D",63.60857658,862.5,54862.3973
"10.12.2019",8,8,"pairs",2,"DTi2","Dunaliella_Tisochrysis","DTi",2,"Tisochrysis","DTi_Ti",22.02616135,2275,50109.51706
"10.12.2019",8,8,"pairs",2,"DTi3","Dunaliella_Tisochrysis","DTi",3,"Dunaliella","DTi_D",69.94243006,748.75,52369.39451
"10.12.2019",8,8,"pairs",2,"DTi3","Dunaliella_Tisochrysis","DTi",3,"Tisochrysis","DTi_Ti",19.41362667,2075,40283.27534
"10.12.2019",8,8,"pairs",2,"ATi1","Amphidinium_Tisochrysis","ATi",1,"Amphidinium","ATi_A",337.9389607,101.25,34216.31977
"10.12.2019",8,8,"pairs",2,"ATi1","Amphidinium_Tisochrysis","ATi",1,"Tisochrysis","ATi_Ti",20.11775847,2875,57838.55559
"10.12.2019",8,8,"pairs",2,"ATi2","Amphidinium_Tisochrysis","ATi",2,"Amphidinium","ATi_A",365.9476979,85,31105.55432
"10.12.2019",8,8,"pairs",2,"ATi2","Amphidinium_Tisochrysis","ATi",2,"Tisochrysis","ATi_Ti",19.20826182,3225,61946.64437
"10.12.2019",8,8,"pairs",2,"ATi3","Amphidinium_Tisochrysis","ATi",3,"Amphidinium","ATi_A",366.1651351,156.25,57213.30236
"10.12.2019",8,8,"pairs",2,"ATi3","Amphidinium_Tisochrysis","ATi",3,"Tisochrysis","ATi_Ti",25.72589727,2400,61742.15345
"10.12.2019",8,8,"pairs",2,"TiS1","Tisochrysis_Synechococcus","TiS",1,"Tisochrysis","TiS_Ti",22.40586684,2025,45371.88035
"10.12.2019",8,8,"pairs",2,"TiS1","Tisochrysis_Synechococcus","TiS",1,"Synechococcus","TiS_S",4.675619055,10425,48743.32864
"10.12.2019",8,8,"pairs",2,"TiS2","Tisochrysis_Synechococcus","TiS",2,"Tisochrysis","TiS_Ti",25.14887542,1500,37723.31313
"10.12.2019",8,8,"pairs",2,"TiS2","Tisochrysis_Synechococcus","TiS",2,"Synechococcus","TiS_S",4.489117765,9125,40963.1996
"10.12.2019",8,8,"pairs",2,"TiS3","Tisochrysis_Synechococcus","TiS",3,"Tisochrysis","TiS_Ti",21.8981062,1925,42153.85443
"10.12.2019",8,8,"pairs",2,"TiS3","Tisochrysis_Synechococcus","TiS",3,"Synechococcus","TiS_S",4.005331802,8675,34746.25338
"10.12.2019",8,8,"communities",5,"COM1","Community","COM",1,"Amphidinium","COM_A",387.5140875,71.25,27610.37873
"10.12.2019",8,8,"communities",5,"COM1","Community","COM",1,"Tetraselmis","COM_T",284.3407931,387.5,110182.0573
"10.12.2019",8,8,"communities",5,"COM1","Community","COM",1,"Dunaliella","COM_D",76.93987258,408.75,31449.17292
"10.12.2019",8,8,"communities",5,"COM1","Community","COM",1,"Synechococcus","COM_S",4.319245929,6175,26671.34361
"10.12.2019",8,8,"communities",5,"COM1","Community","COM",1,"Tisochrysis","COM_Ti",17.78177401,525,9335.431355
"10.12.2019",8,8,"communities",5,"COM2","Community","COM",2,"Amphidinium","COM_A",352.6150238,58.75,20716.13265
"10.12.2019",8,8,"communities",5,"COM2","Community","COM",2,"Tetraselmis","COM_T",281.4389762,336.25,94633.85575
"10.12.2019",8,8,"communities",5,"COM2","Community","COM",2,"Dunaliella","COM_D",67.40578493,227.5,15334.81607
"10.12.2019",8,8,"communities",5,"COM2","Community","COM",2,"Synechococcus","COM_S",5.02064961,4900,24601.18309
"10.12.2019",8,8,"communities",5,"COM2","Community","COM",2,"Tisochrysis","COM_Ti",21.9869848,425,9344.468538
"10.12.2019",8,8,"communities",5,"COM3","Community","COM",3,"Amphidinium","COM_A",414.4044218,56.25,23310.24873
"10.12.2019",8,8,"communities",5,"COM3","Community","COM",3,"Tetraselmis","COM_T",261.42109,372.5,97379.35602
"10.12.2019",8,8,"communities",5,"COM3","Community","COM",3,"Dunaliella","COM_D",61.84330598,203.75,12600.57359
"10.12.2019",8,8,"communities",5,"COM3","Community","COM",3,"Synechococcus","COM_S",4.757131814,4500,21407.09316
"10.12.2019",8,8,"communities",5,"COM3","Community","COM",3,"Tisochrysis","COM_Ti",16.55945772,325,5381.82376
"10.12.2019",8,8,"communities",5,"COM4","Community","COM",4,"Amphidinium","COM_A",391.8067147,48.75,19100.57734
"10.12.2019",8,8,"communities",5,"COM4","Community","COM",4,"Tetraselmis","COM_T",256.8641623,292.5,75132.76747
"10.12.2019",8,8,"communities",5,"COM4","Community","COM",4,"Dunaliella","COM_D",60.34251339,163.75,9881.086568
"10.12.2019",8,8,"communities",5,"COM4","Community","COM",4,"Synechococcus","COM_S",4.63894413,4875,22614.85263
"10.12.2019",8,8,"communities",5,"COM4","Community","COM",4,"Tisochrysis","COM_Ti",18.05368589,550,9929.527242
"10.12.2019",8,8,"communities",5,"COM5","Community","COM",5,"Amphidinium","COM_A",386.2437187,87.5,33796.32538
"10.12.2019",8,8,"communities",5,"COM5","Community","COM",5,"Tetraselmis","COM_T",242.139024,471.25,114108.0151
"10.12.2019",8,8,"communities",5,"COM5","Community","COM",5,"Dunaliella","COM_D",72.86636158,248.75,18125.50744
"10.12.2019",8,8,"communities",5,"COM5","Community","COM",5,"Synechococcus","COM_S",5.666997463,4100,23234.6896
"10.12.2019",8,8,"communities",5,"COM5","Community","COM",5,"Tisochrysis","COM_Ti",20.52981185,450,9238.41533
"12.12.2019",10,10,"monocultures",1,"A1","Amphidinium","A",1,"Amphidinium","A",450.4707489,243.75,109802.245
"12.12.2019",10,10,"monocultures",1,"A2","Amphidinium","A",2,"Amphidinium","A",469.248504,231.25,108513.7166
"12.12.2019",10,10,"monocultures",1,"A3","Amphidinium","A",3,"Amphidinium","A",442.7141136,216.25,95736.92707
"12.12.2019",10,10,"monocultures",1,"T1","Tetraselmis","T",1,"Tetraselmis","T",295.9845492,746.25,220878.4698
"12.12.2019",10,10,"monocultures",1,"T2","Tetraselmis","T",2,"Tetraselmis","T",306.1307856,750,229598.0892
"12.12.2019",10,10,"monocultures",1,"T3","Tetraselmis","T",3,"Tetraselmis","T",282.5114557,796.25,224949.7466
"12.12.2019",10,10,"monocultures",1,"D1","Dunaliella","D",1,"Dunaliella","D",90.36217838,1455,131476.9695
"12.12.2019",10,10,"monocultures",1,"D2","Dunaliella","D",2,"Dunaliella","D",92.37825246,1342.5,124017.8039
"12.12.2019",10,10,"monocultures",1,"D3","Dunaliella","D",3,"Dunaliella","D",90.19046866,1145,103268.0866
"12.12.2019",10,10,"monocultures",1,"S1","Synechococcus","S",1,"Synechococcus","S",4.111199358,22925,94249.24527
"12.12.2019",10,10,"monocultures",1,"S2","Synechococcus","S",2,"Synechococcus","S",4.954140711,27200,134752.6274
"12.12.2019",10,10,"monocultures",1,"S3","Synechococcus","S",3,"Synechococcus","S",4.575660232,27425,125487.4819
"12.12.2019",10,10,"monocultures",1,"Ti1","Tisochrysis","Ti",1,"Tisochrysis","Ti",25.18322198,6925,174393.8122
"12.12.2019",10,10,"monocultures",1,"Ti2","Tisochrysis","Ti",2,"Tisochrysis","Ti",25.95938159,6850,177821.7639
"12.12.2019",10,10,"monocultures",1,"Ti3","Tisochrysis","Ti",3,"Tisochrysis","Ti",21.45813005,6800,145915.2843
"12.12.2019",10,10,"pairs",2,"DA1","Dunaliella-Amphidinium","DA",1,"Dunaliella","DA_D",64.37482772,880,56649.84839
"12.12.2019",10,10,"pairs",2,"DA1","Dunaliella-Amphidinium","DA",1,"Amphidinium","DA_A",353.0594553,211.25,74583.80992
"12.12.2019",10,10,"pairs",2,"DA2","Dunaliella-Amphidinium","DA",2,"Dunaliella","DA_D",74.85912558,757.5,56705.78763
"12.12.2019",10,10,"pairs",2,"DA2","Dunaliella-Amphidinium","DA",2,"Amphidinium","DA_A",376.0324211,207.5,78026.72737
"12.12.2019",10,10,"pairs",2,"DA3","Dunaliella-Amphidinium","DA",3,"Dunaliella","DA_D",63.91256962,823.75,52647.97923
"12.12.2019",10,10,"pairs",2,"DA3","Dunaliella-Amphidinium","DA",3,"Amphidinium","DA_A",365.1470773,201.25,73485.84931
"12.12.2019",10,10,"pairs",2,"DS1","Dunaliella-Synechococcus","DS",1,"Dunaliella","DS_D",71.77563884,407.5,29248.57283
"12.12.2019",10,10,"pairs",2,"DS1","Dunaliella-Synechococcus","DS",1,"Synechococcus","DS_S",4.49350048,21900,98407.66051
"12.12.2019",10,10,"pairs",2,"DS2","Dunaliella-Synechococcus","DS",2,"Dunaliella","DS_D",79.5683502,477.5,37993.88722
"12.12.2019",10,10,"pairs",2,"DS2","Dunaliella-Synechococcus","DS",2,"Synechococcus","DS_S",4.578124372,21800,99803.11131
"12.12.2019",10,10,"pairs",2,"DS3","Dunaliella-Synechococcus","DS",3,"Dunaliella","DS_D",69.49944308,425,29537.26331
"12.12.2019",10,10,"pairs",2,"DS3","Dunaliella-Synechococcus","DS",3,"Synechococcus","DS_S",4.757802118,21800,103720.0862
"12.12.2019",10,10,"pairs",2,"SA1","Synechococcus-Amphidinium","SA",1,"Amphidinium","SA_A",320.9780561,157.5,50554.04384
"12.12.2019",10,10,"pairs",2,"SA1","Synechococcus-Amphidinium","SA",1,"Synechococcus","SA_S",4.535836209,17500,79377.13366
"12.12.2019",10,10,"pairs",2,"SA2","Synechococcus-Amphidinium","SA",2,"Amphidinium","SA_A",379.7135557,161.25,61228.81086
"12.12.2019",10,10,"pairs",2,"SA2","Synechococcus-Amphidinium","SA",2,"Synechococcus","SA_S",4.347839301,16375,71195.86855
"12.12.2019",10,10,"pairs",2,"SA3","Synechococcus-Amphidinium","SA",3,"Amphidinium","SA_A",385.9060409,128.75,49685.40277
"12.12.2019",10,10,"pairs",2,"SA3","Synechococcus-Amphidinium","SA",3,"Synechococcus","SA_S",4.363568586,17125,74726.11204
"12.12.2019",10,10,"pairs",2,"TA1","Tetraselmis-Amphidinium","TA",1,"Amphidinium","TA_A",326.5329969,90,29387.96972
"12.12.2019",10,10,"pairs",2,"TA1","Tetraselmis-Amphidinium","TA",1,"Tetraselmis","TA_T",203.0158446,537.5,109121.0165
"12.12.2019",10,10,"pairs",2,"TA2","Tetraselmis-Amphidinium","TA",2,"Amphidinium","TA_A",362.0048951,63.75,23077.81206
"12.12.2019",10,10,"pairs",2,"TA2","Tetraselmis-Amphidinium","TA",2,"Tetraselmis","TA_T",185.5407671,471.25,87436.08647
"12.12.2019",10,10,"pairs",2,"TA3","Tetraselmis-Amphidinium","TA",3,"Amphidinium","TA_A",311.7116857,103.75,32340.08739
"12.12.2019",10,10,"pairs",2,"TA3","Tetraselmis-Amphidinium","TA",3,"Tetraselmis","TA_T",155.3485197,583.75,90684.69835
"12.12.2019",10,10,"pairs",2,"TD1","Tetraselmis_Dunaliella","TD",1,"Tetraselmis","TD_T",261.9442904,511.25,133919.0185
"12.12.2019",10,10,"pairs",2,"TD1","Tetraselmis_Dunaliella","TD",1,"Dunaliella","TD_D",51.72674472,293.75,15194.73126
"12.12.2019",10,10,"pairs",2,"TD2","Tetraselmis_Dunaliella","TD",2,"Tetraselmis","TD_T",261.9308092,551.25,144389.3586
"12.12.2019",10,10,"pairs",2,"TD2","Tetraselmis_Dunaliella","TD",2,"Dunaliella","TD_D",53.93722616,468.75,25283.07476
"12.12.2019",10,10,"pairs",2,"TD3","Tetraselmis_Dunaliella","TD",3,"Tetraselmis","TD_T",255.5793926,523.75,133859.7069
"12.12.2019",10,10,"pairs",2,"TD3","Tetraselmis_Dunaliella","TD",3,"Dunaliella","TD_D",57.52372729,390,22434.25364
"12.12.2019",10,10,"pairs",2,"TS1","Tetraselmis_Synechococcus","TS",1,"Tetraselmis","TS_T",265.186831,365,96793.19332
"12.12.2019",10,10,"pairs",2,"TS1","Tetraselmis_Synechococcus","TS",1,"Synechococcus","TS_S",4.763055338,11075,52750.83787
"12.12.2019",10,10,"pairs",2,"TS2","Tetraselmis_Synechococcus","TS",2,"Tetraselmis","TS_T",272.7391097,470,128187.3815
"12.12.2019",10,10,"pairs",2,"TS2","Tetraselmis_Synechococcus","TS",2,"Synechococcus","TS_S",4.485618886,9775,43846.92461
"12.12.2019",10,10,"pairs",2,"TS3","Tetraselmis_Synechococcus","TS",3,"Tetraselmis","TS_T",255.3386398,372.5,95113.64332
"12.12.2019",10,10,"pairs",2,"TS3","Tetraselmis_Synechococcus","TS",3,"Synechococcus","TS_S",4.094883623,13200,54052.46382
"12.12.2019",10,10,"pairs",2,"TTi1","Tetraselmis_Tisochrysis","TTi",1,"Tetraselmis","TTi_T",242.0090403,716.25,173338.9751
"12.12.2019",10,10,"pairs",2,"TTi1","Tetraselmis_Tisochrysis","TTi",1,"Tisochrysis","TTi_Ti",19.35014497,500,9675.072484
"12.12.2019",10,10,"pairs",2,"TTi2","Tetraselmis_Tisochrysis","TTi",2,"Tetraselmis","TTi_T",279.8715923,601.25,168272.7948
"12.12.2019",10,10,"pairs",2,"TTi2","Tetraselmis_Tisochrysis","TTi",2,"Tisochrysis","TTi_Ti",22.50117171,475,10688.05656
"12.12.2019",10,10,"pairs",2,"TTi3","Tetraselmis_Tisochrysis","TTi",3,"Tetraselmis","TTi_T",263.5238716,643.75,169643.4924
"12.12.2019",10,10,"pairs",2,"TTi3","Tetraselmis_Tisochrysis","TTi",3,"Tisochrysis","TTi_Ti",20.26065091,425,8610.776637
"12.12.2019",10,10,"pairs",2,"DTi1","Dunaliella_Tisochrysis","DTi",1,"Dunaliella","DTi_D",58.47489767,970,56720.65074
"12.12.2019",10,10,"pairs",2,"DTi1","Dunaliella_Tisochrysis","DTi",1,"Tisochrysis","DTi_Ti",19.00351545,2575,48934.05229
"12.12.2019",10,10,"pairs",2,"DTi2","Dunaliella_Tisochrysis","DTi",2,"Dunaliella","DTi_D",63.04885458,831.25,52409.36037
"12.12.2019",10,10,"pairs",2,"DTi2","Dunaliella_Tisochrysis","DTi",2,"Tisochrysis","DTi_Ti",20.96339667,2425,50836.23692
"12.12.2019",10,10,"pairs",2,"DTi3","Dunaliella_Tisochrysis","DTi",3,"Dunaliella","DTi_D",62.61533619,998.75,62537.06702
"12.12.2019",10,10,"pairs",2,"DTi3","Dunaliella_Tisochrysis","DTi",3,"Tisochrysis","DTi_Ti",23.43278961,2650,62096.89247
"12.12.2019",10,10,"pairs",2,"ATi1","Amphidinium_Tisochrysis","ATi",1,"Amphidinium","ATi_A",358.325769,273.75,98091.67926
"12.12.2019",10,10,"pairs",2,"ATi1","Amphidinium_Tisochrysis","ATi",1,"Tisochrysis","ATi_Ti",23.57913873,4400,103748.2104
"12.12.2019",10,10,"pairs",2,"ATi2","Amphidinium_Tisochrysis","ATi",2,"Amphidinium","ATi_A",327.0308287,207.5,67858.89696
"12.12.2019",10,10,"pairs",2,"ATi2","Amphidinium_Tisochrysis","ATi",2,"Tisochrysis","ATi_Ti",20.07065189,3675,73759.64571
"12.12.2019",10,10,"pairs",2,"ATi3","Amphidinium_Tisochrysis","ATi",3,"Amphidinium","ATi_A",339.0822429,212.5,72054.97661
"12.12.2019",10,10,"pairs",2,"ATi3","Amphidinium_Tisochrysis","ATi",3,"Tisochrysis","ATi_Ti",22.20983932,3200,71071.48584
"12.12.2019",10,10,"pairs",2,"TiS1","Tisochrysis_Synechococcus","TiS",1,"Tisochrysis","TiS_Ti",22.42438529,2725,61106.44992
"12.12.2019",10,10,"pairs",2,"TiS1","Tisochrysis_Synechococcus","TiS",1,"Synechococcus","TiS_S",3.902293866,27775,108386.2121
"12.12.2019",10,10,"pairs",2,"TiS2","Tisochrysis_Synechococcus","TiS",2,"Tisochrysis","TiS_Ti",20.11506325,1975,39727.24991
"12.12.2019",10,10,"pairs",2,"TiS2","Tisochrysis_Synechococcus","TiS",2,"Synechococcus","TiS_S",4.243784208,25350,107579.9297
"12.12.2019",10,10,"pairs",2,"TiS3","Tisochrysis_Synechococcus","TiS",3,"Tisochrysis","TiS_Ti",21.86369466,2650,57938.79086
"12.12.2019",10,10,"pairs",2,"TiS3","Tisochrysis_Synechococcus","TiS",3,"Synechococcus","TiS_S",4.043131718,24075,97338.39611
"12.12.2019",10,10,"communities",5,"COM1","Community","COM",1,"Amphidinium","COM_A",322.8566394,73.75,23810.67716
"12.12.2019",10,10,"communities",5,"COM1","Community","COM",1,"Tetraselmis","COM_T",275.503678,405,111578.9896
"12.12.2019",10,10,"communities",5,"COM1","Community","COM",1,"Dunaliella","COM_D",62.97263101,351.25,22119.13664
"12.12.2019",10,10,"communities",5,"COM1","Community","COM",1,"Synechococcus","COM_S",4.265067087,5650,24097.62904
"12.12.2019",10,10,"communities",5,"COM1","Community","COM",1,"Tisochrysis","COM_Ti",20.62756148,450,9282.402668
"12.12.2019",10,10,"communities",5,"COM2","Community","COM",2,"Amphidinium","COM_A",433.039921,53.75,23275.89576
"12.12.2019",10,10,"communities",5,"COM2","Community","COM",2,"Tetraselmis","COM_T",310.4112074,311.25,96615.4883
"12.12.2019",10,10,"communities",5,"COM2","Community","COM",2,"Dunaliella","COM_D",65.45836381,231.25,15137.24663
"12.12.2019",10,10,"communities",5,"COM2","Community","COM",2,"Synechococcus","COM_S",4.88553928,3675,17954.35685
"12.12.2019",10,10,"communities",5,"COM2","Community","COM",2,"Tisochrysis","COM_Ti",20.42969327,300,6128.90798
"12.12.2019",10,10,"communities",5,"COM3","Community","COM",3,"Amphidinium","COM_A",323.1842005,63.75,20602.99278
"12.12.2019",10,10,"communities",5,"COM3","Community","COM",3,"Tetraselmis","COM_T",289.3454013,256.25,74144.75909
"12.12.2019",10,10,"communities",5,"COM3","Community","COM",3,"Dunaliella","COM_D",70.19973029,175,12284.9528
"12.12.2019",10,10,"communities",5,"COM3","Community","COM",3,"Synechococcus","COM_S",4.721937377,4000,18887.74951
"12.12.2019",10,10,"communities",5,"COM3","Community","COM",3,"Tisochrysis","COM_Ti",26.86331699,375,10073.74387
"12.12.2019",10,10,"communities",5,"COM4","Community","COM",4,"Amphidinium","COM_A",363.9367056,53.75,19561.59793
"12.12.2019",10,10,"communities",5,"COM4","Community","COM",4,"Tetraselmis","COM_T",283.9551309,317.5,90155.75405
"12.12.2019",10,10,"communities",5,"COM4","Community","COM",4,"Dunaliella","COM_D",63.43017261,196.25,12448.17137
"12.12.2019",10,10,"communities",5,"COM4","Community","COM",4,"Synechococcus","COM_S",4.22708426,5250,22192.19236
"12.12.2019",10,10,"communities",5,"COM4","Community","COM",4,"Tisochrysis","COM_Ti",21.30188106,200,4260.376211
"12.12.2019",10,10,"communities",5,"COM5","Community","COM",5,"Amphidinium","COM_A",361.3317948,60,21679.90769
"12.12.2019",10,10,"communities",5,"COM5","Community","COM",5,"Tetraselmis","COM_T",280.1855756,328.75,92111.00798
"12.12.2019",10,10,"communities",5,"COM5","Community","COM",5,"Dunaliella","COM_D",74.06574516,265,19627.42247
"12.12.2019",10,10,"communities",5,"COM5","Community","COM",5,"Synechococcus","COM_S",4.654442907,3550,16523.27232
"12.12.2019",10,10,"communities",5,"COM5","Community","COM",5,"Tisochrysis","COM_Ti",25.41095441,250,6352.738604
